-- phpMyAdmin SQL Dump
-- version 5.2.1
-- https://www.phpmyadmin.net/
--
-- Počítač: 127.0.0.1
-- Vytvořeno: Čtv 27. lis 2025, 09:12
-- Verze serveru: 10.4.32-MariaDB
-- Verze PHP: 8.2.12

SET SQL_MODE = "NO_AUTO_VALUE_ON_ZERO";
START TRANSACTION;
SET time_zone = "+00:00";


/*!40101 SET @OLD_CHARACTER_SET_CLIENT=@@CHARACTER_SET_CLIENT */;
/*!40101 SET @OLD_CHARACTER_SET_RESULTS=@@CHARACTER_SET_RESULTS */;
/*!40101 SET @OLD_COLLATION_CONNECTION=@@COLLATION_CONNECTION */;
/*!40101 SET NAMES utf8mb4 */;

--
-- Databáze: `osu_db`
--

-- --------------------------------------------------------

--
-- Struktura tabulky `beatmaps`
--

CREATE TABLE `beatmaps` (
  `id_beatmap` int(11) NOT NULL,
  `id_set` int(11) NOT NULL,
  `id_mode` int(11) NOT NULL,
  `difficulty_name` varchar(255) NOT NULL,
  `difficulty_rating` float NOT NULL,
  `total_length` int(11) NOT NULL,
  `bpm` int(11) NOT NULL,
  `max_combo` int(11) NOT NULL,
  `approach_rate` float NOT NULL,
  `overall_difficulty` float NOT NULL,
  `circle_size` float NOT NULL,
  `health_points` float NOT NULL
) ENGINE=InnoDB DEFAULT CHARSET=utf8 COLLATE=utf8_general_ci;

--
-- Vypisuji data pro tabulku `beatmaps`
--

INSERT INTO `beatmaps` (`id_beatmap`, `id_set`, `id_mode`, `difficulty_name`, `difficulty_rating`, `total_length`, `bpm`, `max_combo`, `approach_rate`, `overall_difficulty`, `circle_size`, `health_points`) VALUES
(1, 8, 1, 'Fish', 6.2, 297, 105, 2428, 10.6, 2.9, 2, 4.3),
(2, 81, 4, 'Few', 4.44, 553, 89, 1627, 9.9, 2.1, 1.4, 4.4),
(3, 134, 2, 'Music', 2.87, 101, 144, 2602, 3.5, 9.3, 7.5, 3),
(4, 80, 4, 'Else', 2.62, 332, 201, 571, 2.1, 7.3, 4.4, 7.5),
(5, 45, 3, 'Total', 3.14, 30, 137, 1225, 2.3, 8.6, 6.5, 3.2),
(6, 114, 4, 'Save', 4.89, 553, 181, 3301, 9.9, 8.8, 2.5, 0.8),
(7, 132, 3, 'Suffer', 1.11, 270, 139, 970, 8.9, 1.6, 1.4, 9.8),
(8, 19, 4, 'Head', 3.19, 229, 158, 2074, 4.4, 1.6, 7.2, 8.9),
(9, 28, 4, 'Color', 1.92, 560, 178, 255, 6.1, 10.1, 2.1, 1.3),
(10, 119, 3, 'Describe', 6.68, 483, 216, 3388, 7.9, 5.6, 8.5, 5.5),
(11, 41, 4, 'Run', 3.43, 283, 130, 3186, 8.6, 5.3, 3.2, 4.4),
(12, 74, 2, 'Word', 2.27, 357, 198, 380, 1.5, 2.5, 7.2, 7.1),
(13, 17, 4, 'International', 3.15, 585, 179, 1753, 0.7, 9.2, 4.5, 7.7),
(14, 6, 4, 'Military', 3.6, 390, 136, 3136, 4.3, 9.8, 8.5, 5.4),
(15, 140, 2, 'Seek', 3.67, 309, 171, 2039, 0.3, 3.7, 7.1, 4),
(16, 43, 4, 'First', 6.48, 576, 66, 3764, 4.3, 6.2, 1.2, 6.4),
(17, 35, 4, 'Instead', 1.68, 296, 157, 1390, 2.3, 3.6, 7.9, 3.8),
(18, 108, 3, 'Either', 5.93, 511, 64, 3118, 5.9, 11, 4.1, 6.5),
(19, 11, 1, 'Factor', 6.67, 234, 65, 2594, 1.7, 1.4, 7, 5.6),
(20, 56, 4, 'Star', 5.05, 407, 102, 2531, 6.7, 8.2, 2, 8.2),
(21, 80, 1, 'Outside', 4.26, 349, 207, 2824, 10, 4.1, 9.5, 2),
(22, 63, 1, 'Couple', 5.03, 338, 213, 3349, 1.3, 10.8, 8, 3.5),
(23, 110, 3, 'Forward', 0.95, 379, 63, 3529, 4.6, 5.4, 4.9, 3.6),
(24, 118, 2, 'During', 3.33, 564, 129, 2572, 8.9, 5.9, 5.4, 4.4),
(25, 69, 3, 'Seven', 6.04, 118, 131, 3661, 5, 8.3, 6.1, 6.7),
(26, 87, 1, 'Important', 3.71, 362, 106, 2047, 2.3, 8.8, 4.1, 8.8),
(27, 71, 1, 'Get', 3.86, 225, 81, 1038, 7.9, 5.4, 7.8, 6.9),
(28, 126, 4, 'Prepare', 5.65, 125, 135, 957, 4.4, 2.7, 7, 3.7),
(29, 142, 3, 'Knowledge', 3.27, 593, 144, 1491, 7.7, 3, 3.3, 1.2),
(30, 50, 3, 'Ready', 1.28, 578, 107, 834, 2.4, 5.3, 7.5, 9.8),
(31, 135, 3, 'Method', 6.87, 228, 135, 981, 4, 3.3, 7.4, 1.3),
(32, 12, 1, 'At', 4.1, 159, 185, 470, 9.6, 6.3, 5.2, 4.4),
(33, 48, 1, 'When', 2.14, 519, 89, 3417, 0.7, 5.4, 6.2, 6.9),
(34, 39, 2, 'Long', 5.77, 341, 81, 1066, 1.3, 8.4, 6.5, 7.9),
(35, 58, 4, 'Last', 3.43, 483, 136, 3573, 6.5, 4.7, 6.1, 0.6),
(36, 26, 2, 'Development', 4.57, 300, 80, 693, 2.6, 6.1, 2.4, 4.1),
(37, 121, 3, 'Why', 0.71, 325, 132, 2929, 9.5, 0.8, 3.1, 2.6),
(38, 51, 4, 'A', 1.25, 260, 98, 3770, 2.9, 1.6, 1.5, 7.9),
(39, 146, 3, 'Not', 3.35, 509, 137, 2916, 4.4, 3, 5.9, 4.4),
(40, 11, 4, 'See', 5.27, 286, 66, 424, 2.5, 7.4, 8.7, 5.9),
(41, 6, 3, 'Raise', 4.25, 209, 180, 2175, 7.2, 10.1, 2.6, 5.9),
(42, 126, 1, 'Dark', 3.56, 448, 145, 1365, 7.4, 9.4, 4, 6.9),
(43, 74, 4, 'List', 5.79, 593, 69, 1912, 1, 2.8, 2, 7.7),
(44, 132, 1, 'Within', 4.77, 585, 178, 1742, 0.6, 5.7, 6.6, 5),
(45, 114, 1, 'Poor', 1.82, 592, 93, 3849, 3.2, 9.7, 5.4, 0.3),
(46, 62, 2, 'Win', 2.52, 44, 201, 1721, 1, 10.9, 9.2, 4.6),
(47, 31, 2, 'Alone', 3.74, 328, 190, 2939, 3, 9.2, 9.8, 2.4),
(48, 142, 2, 'Imagine', 2.99, 550, 94, 3589, 0.8, 8.5, 8.7, 3.4),
(49, 130, 3, 'Room', 5.83, 319, 136, 3480, 6.5, 11, 5.4, 1.5),
(50, 138, 4, 'Born', 2.74, 595, 199, 1595, 5, 3.5, 2.7, 7),
(51, 147, 4, 'Citizen', 2.02, 450, 71, 1353, 8.2, 7.8, 8.3, 3.9),
(52, 39, 4, 'Course', 6.77, 159, 188, 2467, 3.7, 1.1, 8.6, 1),
(53, 117, 1, 'Air', 5.2, 449, 99, 356, 5.2, 10.7, 4, 6.9),
(54, 21, 3, 'Tend', 6.04, 576, 157, 3958, 3.5, 7.9, 7.8, 8.7),
(55, 10, 1, 'Reality', 2.03, 324, 118, 3108, 1, 10.8, 7.8, 7),
(56, 26, 4, 'Decade', 1.58, 336, 67, 238, 3.6, 0.6, 4.2, 4.3),
(57, 63, 4, 'Medical', 4.18, 214, 103, 767, 0.9, 9.6, 6.6, 2.4),
(58, 150, 2, 'Walk', 2.01, 290, 177, 1095, 7.3, 9.9, 5.2, 2.9),
(59, 140, 2, 'Country', 0.98, 383, 210, 1275, 7, 4.7, 3.3, 8.5),
(60, 51, 4, 'General', 6.05, 139, 120, 1612, 6.3, 6.3, 9.9, 3),
(61, 102, 3, 'Security', 0.55, 80, 215, 3102, 5.5, 9.9, 3.6, 8),
(62, 91, 2, 'Cup', 4.64, 286, 95, 2623, 1.1, 6.9, 1.4, 7.9),
(63, 9, 3, 'Contain', 5.26, 122, 135, 1388, 8.2, 1.9, 2.2, 5.4),
(64, 94, 3, 'Us', 5.9, 293, 183, 3353, 3.2, 9.6, 8.2, 4.7),
(65, 20, 2, 'Daughter', 5.4, 261, 161, 3514, 8.9, 4, 8.1, 0.1),
(66, 138, 1, 'Attorney', 3.46, 298, 209, 1610, 9, 10.3, 2, 2.3),
(67, 7, 3, 'Choose', 6.45, 256, 76, 2652, 9.1, 10, 3.7, 4.1),
(68, 36, 1, 'On', 6.65, 341, 186, 525, 1.1, 9.8, 2.2, 4.5),
(69, 139, 4, 'Eat', 4.32, 188, 166, 2732, 1.1, 5.4, 4.7, 9.5),
(70, 9, 3, 'Professor', 1.91, 485, 120, 3553, 4, 10.8, 4.3, 9),
(71, 92, 1, 'Authority', 3.09, 224, 91, 3937, 9.3, 5, 7, 6.4),
(72, 6, 1, 'Not', 5.61, 279, 92, 3273, 6.2, 0.8, 7.9, 2.1),
(73, 56, 2, 'News', 2.64, 181, 212, 61, 3.1, 10.8, 9.9, 5.4),
(74, 45, 1, 'Leader', 4.8, 56, 93, 110, 3.9, 8.7, 6.3, 0.2),
(75, 68, 1, 'Know', 1.32, 461, 194, 515, 8.2, 5.2, 8, 5.1),
(76, 28, 4, 'Size', 3.77, 74, 193, 1285, 5, 10.6, 1.5, 4.8),
(77, 103, 4, 'Indeed', 4.96, 532, 173, 351, 9.9, 3.5, 2.3, 1.3),
(78, 150, 3, 'After', 2.98, 573, 135, 1908, 5.6, 4.7, 8.1, 1.1),
(79, 142, 2, 'Pattern', 3.3, 263, 165, 1438, 9.1, 4.4, 7.6, 3.1),
(80, 81, 3, 'Former', 2.93, 186, 181, 324, 1, 0.9, 4.9, 7.4),
(81, 96, 2, 'Hold', 4.12, 367, 91, 1732, 3.9, 7.3, 7.8, 8.7),
(82, 14, 3, 'Business', 4.4, 390, 86, 2417, 5.6, 1.7, 5.3, 8.5),
(83, 90, 3, 'Day', 1.25, 315, 206, 976, 8.9, 9.3, 9.8, 8.2),
(84, 143, 1, 'Tax', 4.46, 303, 67, 788, 3, 8.4, 9.3, 3.5),
(85, 47, 2, 'Spend', 4.18, 440, 77, 631, 8.2, 10.7, 1.8, 5.3),
(86, 97, 4, 'Her', 3.45, 191, 154, 1326, 7.9, 8.5, 6.1, 0.8),
(87, 14, 2, 'Crime', 1.52, 80, 80, 1164, 4.9, 4.7, 6.5, 4.1),
(88, 56, 1, 'Expect', 2.74, 143, 132, 2827, 7.5, 5.4, 7, 0.5),
(89, 102, 1, 'Congress', 0.55, 338, 114, 3193, 1.5, 2.8, 4, 0.1),
(90, 111, 2, 'Agency', 1.34, 575, 118, 2099, 6.1, 7.3, 4.2, 4),
(91, 11, 4, 'Head', 0.62, 109, 140, 2408, 4.7, 4.4, 6.8, 2.9),
(92, 104, 1, 'Mouth', 6.78, 205, 218, 1934, 9.2, 10.1, 1.8, 8.4),
(93, 63, 4, 'Whether', 4.33, 566, 80, 1671, 9.6, 8.2, 3, 7.8),
(94, 20, 1, 'Stock', 3.95, 228, 149, 1488, 8, 9, 8.3, 2.4),
(95, 38, 3, 'Money', 1.78, 186, 79, 775, 10.5, 6.9, 5.2, 5.6),
(96, 149, 4, 'Write', 4.93, 360, 220, 1344, 1.7, 0.8, 5, 3),
(97, 71, 1, 'Increase', 2.79, 105, 139, 1941, 5, 0.6, 8.5, 0.8),
(98, 24, 4, 'Risk', 3.51, 597, 70, 1892, 10, 6.3, 2.7, 6.1),
(99, 129, 2, 'Sing', 6.73, 491, 86, 3371, 9.9, 3.8, 7.4, 5),
(100, 45, 1, 'Perform', 2.11, 478, 172, 2196, 5.8, 1.7, 4.4, 2.8),
(101, 105, 3, 'Assume', 4.91, 83, 145, 319, 3.6, 6.1, 4.5, 2.5),
(102, 39, 3, 'Life', 1.03, 174, 149, 1320, 10.6, 7.7, 4.5, 6),
(103, 22, 3, 'Especially', 4.13, 366, 92, 2794, 7.7, 10.4, 10, 9.1),
(104, 24, 4, 'Knowledge', 3.81, 48, 152, 1315, 2, 2.4, 9.5, 4.9),
(105, 58, 2, 'Five', 1.51, 332, 85, 2129, 8.5, 9.2, 9, 0.4),
(106, 87, 2, 'Suggest', 4.38, 187, 101, 790, 9.1, 8.5, 8.3, 1.7),
(107, 113, 1, 'Start', 3.17, 273, 173, 2550, 3.1, 8.2, 5, 5.3),
(108, 80, 4, 'For', 6.38, 228, 154, 2828, 10.4, 10.8, 5.2, 2.8),
(109, 98, 4, 'Every', 6.78, 234, 214, 616, 9.6, 0.6, 5.3, 3.7),
(110, 27, 1, 'Last', 2.35, 194, 129, 1890, 10, 1.6, 4.9, 9.5),
(111, 57, 4, 'Of', 6.25, 57, 166, 268, 4.4, 4.1, 4.5, 0.8),
(112, 58, 1, 'Last', 2.57, 131, 145, 3291, 1.6, 0.4, 9.3, 4.7),
(113, 36, 4, 'But', 3.42, 35, 80, 127, 2.8, 9.2, 5.9, 7.3),
(114, 136, 4, 'Particularly', 1.22, 325, 120, 1283, 1.3, 2.6, 6.8, 6.2),
(115, 17, 1, 'Eat', 5.94, 541, 212, 2245, 0.2, 5.7, 3.2, 1.4),
(116, 110, 1, 'Brother', 4.5, 276, 206, 1756, 2.1, 7.4, 5.7, 3.6),
(117, 135, 1, 'Cut', 3.04, 511, 71, 2653, 4.3, 4.1, 7.7, 3.6),
(118, 18, 3, 'Argue', 2.07, 136, 208, 3061, 8.3, 1.5, 4.2, 3.4),
(119, 45, 4, 'Health', 6.88, 520, 106, 3373, 1.5, 7.9, 9.5, 0.4),
(120, 52, 1, 'Subject', 5.64, 72, 140, 3873, 3.4, 4.4, 8.3, 4.7),
(121, 10, 2, 'Public', 2.36, 78, 144, 1169, 1.4, 4, 9, 7.4),
(122, 99, 3, 'Start', 6.83, 538, 187, 1554, 10.2, 5.7, 8.2, 7.3),
(123, 21, 4, 'Management', 4.42, 214, 199, 1253, 3.5, 0.9, 6.9, 3.1),
(124, 110, 2, 'Product', 4.98, 389, 174, 223, 8, 10, 6.5, 4.3),
(125, 15, 1, 'Resource', 4.86, 445, 153, 2151, 8.8, 7.5, 9.6, 1.4),
(126, 113, 1, 'Kind', 1.32, 271, 153, 1533, 4.2, 6.2, 6.4, 6.8),
(127, 95, 3, 'Would', 3.39, 108, 206, 613, 5.8, 4.4, 6.8, 2.5),
(128, 30, 1, 'Or', 5.28, 541, 192, 1635, 10, 1.3, 8, 7),
(129, 55, 3, 'Possible', 5.01, 532, 111, 552, 1.5, 0.8, 2.6, 7.1),
(130, 23, 3, 'Senior', 4.84, 96, 200, 2270, 3.2, 3.3, 2.4, 7.1),
(131, 45, 3, 'Agree', 3.81, 154, 111, 3294, 1.5, 8.7, 1.2, 5.5),
(132, 95, 4, 'Threat', 5.72, 594, 93, 2556, 9.7, 0.7, 4.6, 7.2),
(133, 123, 4, 'Expect', 5.5, 105, 92, 1348, 7.1, 4.9, 7.1, 3.4),
(134, 142, 2, 'Why', 5.49, 162, 170, 2109, 10, 0.6, 2.1, 1.5),
(135, 43, 2, 'Federal', 2.6, 260, 148, 3930, 10.3, 9.8, 8.6, 2.5),
(136, 142, 3, 'Quality', 1.31, 340, 217, 2235, 1, 7.1, 6.3, 5.8),
(137, 44, 3, 'Pattern', 5.98, 72, 67, 382, 0.5, 7.1, 6.2, 6.5),
(138, 147, 4, 'Hand', 4.52, 61, 187, 3691, 6.9, 3.2, 9.6, 4.8),
(139, 104, 3, 'Near', 3.45, 91, 100, 1850, 4.6, 5.1, 4.1, 1.4),
(140, 82, 3, 'Education', 6.84, 163, 154, 2159, 6.2, 3.5, 5.2, 2.7),
(141, 64, 2, 'Impact', 1.13, 327, 158, 3589, 6.8, 2.7, 8.8, 1.6),
(142, 84, 3, 'Money', 1.73, 193, 187, 2158, 5.1, 9.7, 5.5, 0.9),
(143, 101, 4, 'Last', 6.78, 250, 209, 1495, 0.5, 3.1, 6.4, 8.4),
(144, 121, 3, 'Real', 3.99, 140, 170, 598, 9.7, 8, 7.9, 3.7),
(145, 103, 1, 'Impact', 4.21, 229, 152, 2316, 3.2, 4.2, 5.1, 5.5),
(146, 31, 2, 'Remain', 6.84, 433, 155, 3305, 10.9, 6.1, 4.3, 1.4),
(147, 131, 4, 'Speech', 3.75, 76, 69, 611, 7.8, 8.8, 5.7, 1.5),
(148, 132, 2, 'Decision', 2.63, 356, 101, 1659, 10.9, 8.1, 3.7, 3.4),
(149, 131, 4, 'Address', 5.11, 336, 181, 3391, 0.2, 3.6, 2, 4.2),
(150, 79, 1, 'Possible', 4.38, 301, 208, 2415, 2.5, 0.6, 5.3, 5.2),
(151, 98, 2, 'Change', 5.84, 278, 68, 2395, 10.4, 1.2, 1.2, 3.1),
(152, 39, 4, 'Person', 4.99, 450, 188, 3224, 6.7, 5.2, 8.6, 7.3),
(153, 36, 2, 'Give', 4.15, 519, 194, 1593, 3.5, 1.9, 9.2, 3.4),
(154, 91, 3, 'Doctor', 4.47, 226, 123, 1192, 6.1, 2.5, 9.8, 3),
(155, 74, 2, 'Bed', 4.99, 530, 141, 2015, 3.8, 10.3, 8.2, 2.7),
(156, 32, 4, 'Hundred', 6.32, 434, 148, 3960, 8.5, 1.6, 1.4, 9.6),
(157, 21, 3, 'It', 6.51, 292, 182, 926, 2.2, 5.9, 9.4, 7),
(158, 36, 1, 'Simply', 4.5, 275, 122, 257, 7.4, 5.8, 6.7, 0.5),
(159, 106, 3, 'Politics', 5.16, 132, 95, 71, 10.6, 10.8, 2.4, 6.5),
(160, 122, 4, 'Expert', 4.73, 324, 142, 1219, 7.1, 10, 1.8, 5.7),
(161, 137, 1, 'Candidate', 6.44, 209, 166, 3663, 9.2, 10.3, 1.3, 8.4),
(162, 127, 2, 'Media', 6.59, 326, 69, 87, 3.3, 6.6, 9.4, 3.4),
(163, 117, 4, 'Child', 6.28, 167, 189, 1967, 3, 8.9, 4, 7.3),
(164, 66, 2, 'Also', 0.59, 375, 135, 2375, 7.4, 2.1, 6.5, 6.4),
(165, 104, 4, 'Forward', 3.85, 118, 162, 2791, 1, 10.8, 5.3, 9.4),
(166, 2, 3, 'Need', 2.99, 487, 128, 3957, 3.6, 6.4, 6.2, 2.6),
(167, 93, 2, 'Performance', 0.9, 151, 179, 1306, 1.8, 7.5, 9.3, 8.9),
(168, 80, 1, 'Lay', 4.65, 332, 154, 2567, 2.4, 10.5, 5.3, 4.5),
(169, 96, 4, 'Talk', 5.06, 512, 197, 3334, 7.3, 2.4, 3.2, 7.5),
(170, 21, 4, 'The', 3.93, 400, 79, 3807, 6.2, 0.7, 5.9, 5.1),
(171, 147, 2, 'Interest', 1.57, 562, 173, 526, 7.5, 7.9, 5.4, 9),
(172, 115, 1, 'Civil', 3.45, 555, 166, 1921, 6.2, 6.1, 7.1, 3.1),
(173, 6, 4, 'Think', 2.15, 33, 115, 2418, 0.8, 4.7, 7.3, 5.4),
(174, 16, 1, 'Mrs', 6.91, 513, 68, 1225, 4.5, 8.5, 7.9, 9.8),
(175, 108, 3, 'Skin', 6.95, 421, 174, 3611, 10.1, 4.2, 1.7, 9.6),
(176, 139, 2, 'Simply', 4.75, 386, 90, 781, 10.9, 4.3, 2.1, 9.8),
(177, 1, 1, 'Friend', 6.86, 504, 199, 1787, 5.9, 9.1, 3.2, 3.5),
(178, 71, 2, 'Civil', 6.59, 145, 68, 3365, 7.3, 6.8, 9.4, 8.9),
(179, 62, 2, 'Back', 0.94, 64, 174, 2498, 7.4, 9.6, 3.2, 0.4),
(180, 113, 2, 'Star', 4.01, 87, 95, 2113, 10.9, 2.6, 9.2, 5.8),
(181, 148, 3, 'Affect', 2.04, 176, 193, 955, 4.5, 3, 6, 5.9),
(182, 45, 4, 'Security', 4.11, 78, 148, 3906, 7.1, 4.2, 5.7, 7),
(183, 105, 2, 'More', 2.45, 218, 197, 1989, 2.7, 2.5, 8.7, 1.4),
(184, 119, 1, 'Cell', 4.16, 456, 202, 2220, 1.5, 2.7, 2.8, 6.5),
(185, 116, 3, 'Here', 1.1, 225, 73, 1149, 4.1, 6.7, 1.4, 0.7),
(186, 144, 2, 'Marriage', 3.62, 370, 137, 3969, 10, 2.3, 2.7, 7.4),
(187, 123, 2, 'Music', 5.02, 239, 161, 3798, 2.6, 3.5, 3.5, 4.7),
(188, 92, 3, 'Strong', 2.2, 555, 187, 1958, 1.1, 10.8, 5.2, 8.4),
(189, 53, 3, 'Produce', 2.53, 76, 204, 3589, 2.4, 1.6, 3.3, 9.3),
(190, 149, 4, 'Resource', 2.42, 230, 144, 992, 4.2, 9.2, 5.5, 6.5),
(191, 87, 3, 'Budget', 5.46, 530, 185, 1937, 1.9, 8.7, 2.5, 7.2),
(192, 126, 2, 'Artist', 6.46, 585, 75, 2196, 0.4, 9.3, 9.5, 6.7),
(193, 2, 4, 'Can', 1.39, 266, 77, 2946, 1.7, 2.4, 5.1, 0.6),
(194, 124, 4, 'Nor', 0.6, 574, 201, 1734, 0.1, 5.8, 3.5, 9.8),
(195, 5, 4, 'Treatment', 5.74, 213, 87, 3810, 1.1, 1.6, 2.7, 5.3),
(196, 91, 3, 'Modern', 5.67, 110, 155, 3979, 4.5, 6.2, 9.9, 2.3),
(197, 21, 1, 'Cut', 1.11, 418, 156, 2313, 5.2, 7, 7.3, 0.8),
(198, 112, 3, 'Business', 4.18, 127, 195, 3814, 0.5, 2.3, 8.8, 8.9),
(199, 122, 3, 'How', 0.8, 106, 131, 3733, 6, 7.2, 2.6, 8.5),
(200, 5, 2, 'Chance', 4.32, 437, 79, 1275, 1.8, 2.6, 8.5, 3.9),
(201, 139, 3, 'Parent', 3, 173, 80, 2101, 8.2, 3.8, 1.9, 2.3),
(202, 20, 3, 'Production', 4.43, 436, 143, 171, 7, 8.6, 5.1, 2.3),
(203, 142, 4, 'Police', 3.31, 419, 81, 3212, 6.8, 8.8, 7.4, 0.8),
(204, 40, 4, 'Oil', 5.13, 187, 159, 1347, 4, 1, 9.5, 4.4),
(205, 70, 1, 'Last', 1.36, 221, 170, 1888, 6.1, 5.6, 1.9, 0.9),
(206, 142, 1, 'Front', 4.38, 362, 158, 100, 3.2, 4.3, 1.8, 9),
(207, 63, 2, 'Rich', 4.95, 203, 95, 1151, 3.3, 5.4, 1.6, 4.3),
(208, 108, 3, 'Capital', 3.65, 108, 152, 1080, 10.4, 7.9, 5.5, 6.2),
(209, 118, 1, 'Scene', 1.38, 36, 161, 1410, 9.3, 4.2, 8.8, 4.4),
(210, 111, 2, 'Better', 2.45, 235, 182, 1336, 2, 4.4, 3.9, 7.3),
(211, 126, 2, 'Rather', 2.62, 317, 160, 1545, 1.3, 6.2, 6.3, 5.5),
(212, 141, 1, 'Leader', 6.69, 502, 113, 1845, 8.8, 9.1, 1.6, 8.5),
(213, 105, 4, 'Lawyer', 1.4, 340, 121, 1084, 7.2, 7.9, 8.1, 0.7),
(214, 123, 4, 'After', 3.97, 458, 199, 200, 8.7, 4, 9.1, 5.4),
(215, 22, 1, 'Now', 5.5, 393, 102, 2700, 6.7, 6.2, 6.8, 6.5),
(216, 85, 4, 'Throughout', 1.19, 130, 126, 959, 5.6, 5.7, 6.2, 5.8),
(217, 115, 3, 'Stop', 3.04, 542, 98, 1462, 11, 5.3, 3.7, 9.2),
(218, 22, 1, 'Rich', 5.9, 175, 149, 1327, 3.8, 8.6, 5.7, 3.5),
(219, 25, 4, 'Prevent', 5.19, 493, 141, 325, 3.3, 8.9, 2, 8.5),
(220, 28, 2, 'Work', 6.54, 279, 192, 764, 6.1, 3.6, 4.8, 4.6),
(221, 104, 2, 'Ago', 1.71, 472, 161, 169, 8.1, 9.7, 5, 4.3),
(222, 2, 2, 'Evening', 1.84, 94, 207, 466, 8.8, 5.9, 4.3, 2),
(223, 30, 3, 'Choice', 4.86, 531, 195, 2667, 3.4, 4.3, 4.5, 1.1),
(224, 91, 4, 'Buy', 4.51, 334, 217, 2467, 0.9, 1.5, 2.1, 3.1),
(225, 47, 3, 'Boy', 5.01, 553, 159, 1763, 6.6, 6.3, 4.8, 4.9),
(226, 138, 2, 'Service', 4.11, 531, 133, 624, 2.1, 9.3, 6.6, 8.7),
(227, 3, 4, 'End', 1.39, 423, 203, 2120, 7.2, 4.5, 5.4, 7.1),
(228, 114, 4, 'Mind', 1.59, 61, 116, 1246, 0.4, 2.5, 3.6, 7.8),
(229, 145, 4, 'Country', 4.07, 145, 206, 517, 2.9, 6, 9.9, 5.4),
(230, 11, 4, 'Weight', 4.05, 465, 86, 3064, 9.1, 8.3, 3.7, 10),
(231, 116, 3, 'Sense', 2.77, 119, 172, 3594, 10.9, 8.5, 3.1, 8.1),
(232, 90, 4, 'Occur', 1.58, 172, 112, 3382, 2.3, 0.7, 4.2, 2.8),
(233, 138, 2, 'Stock', 2.6, 329, 134, 2395, 2.9, 9.4, 9.9, 6.8),
(234, 25, 2, 'Human', 6.76, 451, 75, 1185, 9.5, 1.4, 8.8, 2.5),
(235, 83, 2, 'Approach', 5.45, 432, 185, 632, 6.4, 3, 4.7, 4.5),
(236, 24, 4, 'Want', 3.85, 314, 154, 1912, 10.5, 3.6, 1, 7.7),
(237, 24, 4, 'Body', 4.63, 396, 76, 3309, 5.9, 2.4, 4.9, 2.1),
(238, 69, 3, 'Worker', 5.88, 375, 200, 2417, 1.4, 9.4, 8.1, 8.9),
(239, 13, 1, 'Fight', 1.15, 500, 64, 558, 10.2, 1.7, 5.1, 9.9),
(240, 110, 2, 'Material', 6.97, 165, 137, 701, 9.6, 9.6, 1.8, 3.6),
(241, 22, 3, 'Attention', 4.82, 199, 73, 1673, 6.9, 8, 7.8, 4.3),
(242, 24, 1, 'Cell', 0.51, 518, 79, 593, 6.5, 5.7, 5, 0.1),
(243, 88, 1, 'Matter', 6.92, 462, 93, 2006, 0.8, 4.2, 7.6, 1),
(244, 81, 3, 'Group', 6.23, 170, 157, 3218, 8.9, 9.6, 6.8, 6.8),
(245, 18, 1, 'Us', 4.47, 198, 172, 1488, 7.9, 6.9, 2.4, 4.1),
(246, 114, 2, 'Wrong', 1.06, 132, 95, 3132, 1.4, 8, 4.2, 4.3),
(247, 36, 2, 'Establish', 2.3, 116, 123, 2316, 6.6, 7.9, 3.6, 9.4),
(248, 7, 3, 'Crime', 1.84, 551, 108, 3113, 4.3, 7.1, 8.1, 7.9),
(249, 62, 4, 'Reveal', 3.01, 276, 187, 2663, 6.5, 5.8, 9.8, 9.9),
(250, 82, 2, 'Information', 3.01, 460, 153, 2287, 7.5, 8.4, 9.6, 7.7),
(251, 5, 1, 'Alone', 0.59, 250, 70, 3828, 0.7, 8.7, 5.6, 6.3),
(252, 129, 4, 'He', 3.25, 441, 81, 2673, 5.9, 6.8, 3.5, 3.1),
(253, 131, 2, 'Talk', 6.83, 189, 197, 1388, 4.3, 7, 8.5, 6.8),
(254, 17, 3, 'Kitchen', 5.04, 274, 74, 1051, 0.9, 4.8, 5.1, 6.1),
(255, 80, 2, 'Product', 1.28, 170, 62, 721, 5.5, 3.8, 5.7, 8.2),
(256, 67, 2, 'Past', 2.92, 305, 90, 3209, 9.9, 3.7, 4.9, 5.2),
(257, 68, 1, 'Cultural', 3.72, 553, 152, 277, 5.5, 6.2, 4.3, 2.6),
(258, 27, 1, 'Argue', 1.98, 551, 60, 230, 9.4, 0.1, 1.4, 3.6),
(259, 39, 2, 'Daughter', 6.55, 66, 201, 3339, 10.1, 8.1, 4.8, 3.2),
(260, 107, 3, 'Finish', 2.26, 109, 206, 1577, 1.3, 7.4, 1.5, 2.2),
(261, 133, 1, 'Left', 6.7, 100, 179, 3597, 3.1, 9.3, 3.9, 5.5),
(262, 3, 3, 'Between', 1.8, 341, 219, 1043, 5.1, 6.5, 5.4, 7.7),
(263, 51, 2, 'Rise', 1.48, 449, 66, 1004, 6, 7, 7.2, 0.1),
(264, 86, 1, 'Not', 5.43, 415, 138, 475, 2.3, 10.8, 4.8, 9.6),
(265, 37, 3, 'Off', 1.1, 267, 193, 1741, 7.7, 4.1, 9.8, 0.8),
(266, 25, 2, 'Reduce', 4.64, 433, 79, 2474, 6.2, 4.8, 9.7, 2.4),
(267, 67, 3, 'Activity', 6.52, 432, 143, 1352, 5, 2.6, 9.5, 1.4),
(268, 150, 1, 'Community', 1.51, 198, 175, 1958, 3.5, 1.3, 4.2, 7.7),
(269, 116, 3, 'Foreign', 3.51, 152, 83, 695, 8.9, 3.3, 7.3, 6),
(270, 56, 3, 'Character', 1.46, 284, 151, 1673, 5.6, 7.4, 3.3, 9.9),
(271, 8, 4, 'Whatever', 6.05, 599, 200, 1073, 1, 1.1, 8.1, 1.2),
(272, 16, 2, 'Despite', 1.35, 440, 155, 2861, 6.9, 7.1, 6.2, 2.6),
(273, 20, 1, 'By', 6.98, 232, 173, 3364, 1.4, 10, 8.5, 3.3),
(274, 11, 4, 'Second', 0.83, 473, 161, 2082, 0.3, 7.5, 2.6, 2.1),
(275, 48, 3, 'That', 2.32, 182, 68, 2565, 6.8, 2.7, 3.7, 4.1),
(276, 141, 4, 'Answer', 0.9, 316, 158, 612, 4.6, 7.1, 8.2, 2.5),
(277, 140, 1, 'Blue', 6.93, 397, 182, 2280, 8.6, 3.8, 6.1, 3.2),
(278, 70, 2, 'Up', 0.67, 254, 67, 3719, 8.9, 3.1, 8.3, 4.7),
(279, 92, 2, 'General', 6.83, 132, 123, 2740, 2.7, 5.9, 8.1, 7.4),
(280, 57, 4, 'Edge', 2.81, 207, 105, 1018, 6.5, 8.9, 7.3, 9.1),
(281, 8, 3, 'Suggest', 6.66, 175, 204, 3934, 2.1, 10.9, 8.9, 4.9),
(282, 80, 2, 'Writer', 3.69, 122, 74, 1002, 6.6, 0.2, 5.3, 3.3),
(283, 52, 2, 'Him', 2.71, 211, 142, 293, 0.2, 6.5, 9.3, 7.7),
(284, 135, 3, 'Surface', 6.74, 412, 161, 2450, 1.1, 3.3, 2.2, 1.6),
(285, 112, 4, 'Entire', 4.72, 208, 203, 2890, 9.8, 6.8, 4.2, 6.7),
(286, 45, 4, 'Between', 2.49, 331, 92, 777, 8, 10.4, 9.5, 3.9),
(287, 146, 1, 'Back', 1.68, 355, 216, 954, 7, 1.1, 5.5, 3.3),
(288, 20, 2, 'Toward', 2.75, 357, 102, 2655, 9.7, 1, 7.4, 6.4),
(289, 86, 4, 'Artist', 0.57, 244, 123, 2889, 0.7, 2.8, 2, 0),
(290, 99, 4, 'Move', 5.26, 200, 165, 2069, 9.7, 3.9, 4.4, 8.3),
(291, 148, 2, 'Site', 1.56, 105, 68, 1257, 0.2, 2.9, 1.9, 3.4),
(292, 97, 2, 'History', 5.26, 590, 83, 1434, 6.5, 6.8, 5.3, 0.3),
(293, 43, 4, 'Report', 1.52, 133, 144, 891, 10.7, 4.5, 6, 9.3),
(294, 139, 3, 'Happy', 4.79, 334, 120, 442, 0.5, 6.3, 8.6, 1.5),
(295, 93, 1, 'Analysis', 3.28, 331, 220, 2508, 5.3, 1.1, 2.9, 6.4),
(296, 21, 4, 'Everybody', 5.98, 345, 161, 1978, 5.4, 7.3, 1.8, 5.4),
(297, 48, 3, 'Figure', 6.26, 408, 107, 1875, 0.5, 4.8, 3.4, 8.4),
(298, 145, 1, 'Available', 1.48, 129, 81, 2786, 3.8, 6, 9.7, 5.9),
(299, 142, 1, 'Exactly', 5.97, 565, 167, 2243, 7.6, 10.3, 6.2, 2.4),
(300, 77, 1, 'Spring', 3.07, 65, 188, 2389, 9.9, 8.8, 7.1, 6.2),
(301, 31, 4, 'However', 1.62, 201, 114, 3361, 2.1, 0.5, 1.7, 6.8),
(302, 52, 2, 'Especially', 5.92, 294, 141, 3780, 8, 8.9, 1.8, 5.6),
(303, 142, 3, 'Successful', 6.07, 562, 177, 3806, 9.6, 8.7, 6.6, 5.2),
(304, 108, 1, 'Maybe', 3.19, 181, 205, 2458, 6.4, 10.6, 1.9, 1.1),
(305, 26, 3, 'Far', 6.14, 382, 165, 1131, 4.2, 5.3, 6.5, 0.4),
(306, 71, 4, 'Charge', 1.44, 441, 69, 1671, 9.8, 3.6, 3.1, 7.5),
(307, 69, 3, 'Heart', 0.63, 340, 139, 1198, 9.3, 9.4, 7.2, 9.7),
(308, 59, 2, 'After', 2.45, 483, 142, 1153, 8, 6.7, 1.8, 4.4),
(309, 105, 4, 'Onto', 5.44, 412, 74, 2160, 8.7, 0.7, 7.4, 4),
(310, 135, 1, 'Vote', 1.63, 235, 74, 1071, 0.4, 0.6, 4.2, 2),
(311, 95, 4, 'As', 3.78, 156, 67, 1040, 4.1, 6.5, 2.6, 8.7),
(312, 142, 3, 'Write', 2.74, 294, 83, 1217, 0.3, 0.5, 8.7, 7.8),
(313, 55, 2, 'Include', 4.71, 241, 128, 2718, 4.5, 0.2, 8, 7.7),
(314, 3, 4, 'Tree', 6.42, 207, 213, 3330, 0.1, 2.8, 8.2, 3.1),
(315, 71, 4, 'Wonder', 6.32, 387, 177, 1082, 2.4, 3.3, 5.7, 6.2),
(316, 150, 1, 'Oil', 0.55, 413, 203, 2701, 6.5, 3.1, 7.2, 4.8),
(317, 87, 3, 'Receive', 4.66, 313, 126, 2737, 7.8, 9.8, 3.7, 1.5),
(318, 62, 1, 'Discover', 5.74, 443, 141, 2838, 1.5, 0.3, 5.5, 3),
(319, 108, 4, 'Also', 3.02, 66, 209, 2950, 10.9, 9, 4.1, 7.1),
(320, 137, 4, 'Western', 6.39, 397, 189, 1279, 9.3, 9.2, 8.9, 1.8),
(321, 25, 4, 'Control', 1.33, 294, 203, 3174, 10, 10.4, 9.1, 6.5),
(322, 57, 3, 'Raise', 1.95, 344, 167, 3278, 9.8, 4.1, 6.3, 4.6),
(323, 31, 4, 'Follow', 0.85, 102, 180, 3693, 2.1, 1.3, 7.1, 5.3),
(324, 106, 1, 'Significant', 6.16, 184, 95, 870, 3.8, 10.9, 9, 9.9),
(325, 37, 3, 'Happen', 6.11, 214, 80, 2047, 3.7, 10.9, 3.8, 0.6),
(326, 116, 3, 'Kitchen', 1.86, 202, 207, 3181, 1.7, 8.6, 8, 1.3),
(327, 112, 4, 'Thing', 3.12, 518, 158, 69, 0.4, 2.2, 4.4, 0.1),
(328, 83, 2, 'Cause', 0.62, 34, 220, 3054, 2.7, 7.6, 4.1, 1.3),
(329, 99, 3, 'Person', 1.59, 76, 136, 3934, 3.2, 8, 6.4, 3.4),
(330, 35, 3, 'Prepare', 6.97, 531, 151, 3122, 2.1, 10.4, 9.3, 4),
(331, 59, 2, 'Look', 5.23, 164, 114, 3056, 0.2, 5.6, 2.1, 7.1),
(332, 10, 4, 'Study', 6.2, 291, 196, 2602, 0.5, 10.9, 7, 6.5),
(333, 6, 1, 'Many', 4.98, 456, 173, 1607, 1.4, 2.8, 7.3, 2.1),
(334, 3, 3, 'Skin', 3.24, 133, 193, 1155, 6.9, 7.7, 4.8, 9),
(335, 131, 1, 'Prevent', 2.34, 138, 187, 863, 6.7, 8.6, 8.5, 9.7),
(336, 92, 4, 'Prepare', 2.42, 70, 200, 2083, 10, 7.6, 5.3, 2.3),
(337, 4, 1, 'Become', 6.39, 535, 98, 3938, 1, 5.6, 7.5, 1),
(338, 66, 2, 'Some', 3.47, 333, 127, 1951, 0.6, 8.9, 8.9, 8.5),
(339, 93, 3, 'Eye', 3.27, 148, 84, 3536, 8.3, 0.5, 8.7, 6.6),
(340, 44, 3, 'Size', 2.82, 478, 219, 1148, 9.7, 1, 8.3, 1.8),
(341, 103, 4, 'Drop', 6.76, 308, 158, 2875, 9.4, 8.8, 6.8, 8),
(342, 29, 2, 'This', 5.03, 90, 100, 474, 4.6, 6.5, 8.2, 6.8),
(343, 47, 4, 'Today', 5.56, 59, 93, 2028, 10.1, 1.2, 4.7, 0.5),
(344, 67, 3, 'Usually', 0.58, 567, 207, 3014, 6.2, 10.8, 7, 3.4),
(345, 134, 1, 'Especially', 3.31, 284, 183, 1466, 7.3, 7.1, 2.3, 8.3),
(346, 14, 1, 'Word', 4.68, 190, 189, 3526, 5.2, 5.5, 2.5, 7.5),
(347, 83, 2, 'Thing', 2.65, 314, 72, 2126, 2.4, 7.1, 4.6, 2.3),
(348, 118, 4, 'Agreement', 5.71, 488, 82, 3558, 5.5, 3.5, 9.8, 7.5),
(349, 5, 1, 'Else', 3.12, 66, 202, 2299, 0, 1, 6.4, 6.2),
(350, 78, 2, 'Talk', 4.75, 497, 147, 1538, 9.1, 9, 8.6, 3.3),
(351, 122, 3, 'Positive', 5.15, 146, 84, 3160, 7.2, 0, 4.2, 6.3),
(352, 75, 3, 'Reach', 5.06, 76, 102, 2066, 1.5, 7.9, 7.5, 1.1),
(353, 51, 2, 'Often', 1.28, 432, 115, 1922, 9.1, 2.1, 4, 7.6),
(354, 12, 1, 'Drive', 5.52, 491, 177, 2747, 6.5, 5.5, 9.7, 0),
(355, 13, 4, 'Maintain', 5.95, 524, 190, 3249, 10.1, 1.9, 6.2, 7.3),
(356, 33, 1, 'Member', 3.02, 359, 189, 3660, 4.2, 10.8, 9.2, 7.6),
(357, 71, 4, 'Sign', 6.76, 331, 175, 3346, 1.5, 4.5, 7.3, 7.5),
(358, 77, 3, 'Thank', 5.13, 596, 115, 872, 2.3, 7.9, 7.2, 9.2),
(359, 34, 2, 'Sell', 3.78, 360, 89, 3166, 3.9, 5.3, 6.1, 6.7),
(360, 107, 3, 'Fine', 6.2, 462, 63, 2191, 1.2, 4.2, 1.5, 0.6),
(361, 69, 2, 'To', 6.89, 286, 97, 3488, 0.7, 8.6, 2.8, 5.4),
(362, 92, 4, 'Us', 1.17, 259, 203, 1642, 2.6, 8.6, 8.2, 2.9),
(363, 13, 4, 'Impact', 3.02, 350, 201, 270, 0.1, 2.8, 6.6, 7.8),
(364, 114, 2, 'Enjoy', 6.42, 406, 210, 2288, 8.1, 2.2, 7.5, 1.9),
(365, 115, 2, 'Pull', 6.89, 106, 107, 3992, 1.9, 5.7, 4.4, 4.3),
(366, 143, 3, 'Road', 1.35, 291, 61, 1403, 5.1, 10.3, 1.4, 9.3),
(367, 14, 3, 'Feeling', 3.69, 593, 151, 348, 8.6, 3.5, 3, 1.8),
(368, 18, 2, 'Decide', 3.2, 579, 163, 426, 3.8, 9.7, 7, 3.3),
(369, 76, 2, 'Time', 6.68, 573, 181, 2349, 9.1, 10.8, 1.1, 6.7),
(370, 115, 2, 'Cultural', 6.38, 279, 70, 2845, 9.7, 4.2, 8.2, 1.1),
(371, 66, 3, 'According', 0.66, 559, 155, 2156, 8.8, 4.9, 1.4, 9),
(372, 50, 3, 'Degree', 3.84, 128, 102, 3966, 8.5, 5.9, 6.6, 2.1),
(373, 55, 4, 'Operation', 5.93, 240, 197, 3444, 7.7, 10.7, 8, 6.5),
(374, 19, 2, 'Help', 0.65, 369, 69, 408, 0.8, 2, 3.3, 0.7),
(375, 59, 3, 'So', 3.15, 491, 163, 1823, 3.5, 4.3, 2.1, 0.1),
(376, 17, 1, 'Will', 5.06, 104, 151, 3851, 5.5, 3.2, 7.2, 6.1),
(377, 73, 4, 'Member', 2.98, 61, 181, 690, 5.9, 1.5, 4.5, 8),
(378, 140, 3, 'Artist', 6.74, 177, 136, 2824, 9.8, 10.6, 8.8, 6.5),
(379, 3, 2, 'Worry', 1.3, 35, 206, 2493, 4.3, 6, 1.8, 2.1),
(380, 89, 2, 'Research', 3.18, 554, 96, 709, 2, 6.8, 3.3, 1.1),
(381, 146, 1, 'Player', 6.03, 592, 178, 2690, 6, 3.2, 1.6, 1),
(382, 149, 4, 'Sell', 6.69, 395, 92, 2799, 7.2, 1.1, 6.6, 9),
(383, 82, 4, 'Threat', 3.43, 343, 209, 674, 6.2, 4, 3.8, 4.3),
(384, 2, 3, 'Health', 2.1, 256, 171, 1183, 9.2, 1.5, 7.6, 8.8),
(385, 119, 4, 'Among', 2.83, 342, 184, 2309, 1.2, 7.1, 1.7, 2.8),
(386, 36, 2, 'Speak', 2.21, 108, 79, 3704, 0.2, 5.6, 1.3, 5.8),
(387, 104, 2, 'Quality', 6.39, 594, 126, 2276, 9.8, 5.9, 6.9, 1.5),
(388, 101, 2, 'Time', 6.29, 327, 94, 1953, 5.5, 1, 4.3, 0.1),
(389, 62, 2, 'Hope', 5.42, 173, 174, 702, 2, 10.4, 6.9, 9.7),
(390, 124, 3, 'Best', 0.76, 529, 119, 307, 2.9, 2.6, 7, 5.2),
(391, 93, 4, 'Too', 3.55, 495, 71, 213, 10.8, 3.6, 7.3, 5.2),
(392, 71, 3, 'Job', 4.26, 208, 156, 2727, 4.2, 6.5, 9.1, 0.8),
(393, 65, 4, 'Resource', 6.82, 258, 192, 1712, 3.9, 9.5, 5.4, 4.8),
(394, 2, 2, 'Church', 3.36, 265, 79, 2157, 7.1, 2.3, 2.7, 3.6),
(395, 31, 2, 'Performance', 3.19, 368, 89, 2022, 7.4, 5.3, 6.3, 6.5),
(396, 106, 1, 'Know', 2.08, 160, 206, 2476, 1.8, 6.9, 1.4, 5.7),
(397, 15, 2, 'Prevent', 2.18, 214, 192, 3974, 4.5, 10.7, 6.7, 8.8),
(398, 73, 1, 'Have', 1.91, 512, 183, 748, 2.4, 4.5, 2.3, 5.8),
(399, 47, 3, 'College', 1.59, 380, 176, 2493, 6.5, 2.5, 4.5, 1.1),
(400, 52, 4, 'Star', 5.87, 128, 105, 1999, 9.9, 6.6, 8.9, 5.3),
(401, 31, 1, 'Apply', 3.63, 163, 214, 2258, 9.1, 9.9, 8, 6.5),
(402, 134, 4, 'Important', 2.91, 74, 195, 1807, 2.5, 8.8, 8.1, 3.8),
(403, 148, 1, 'Have', 3.27, 290, 182, 3186, 2.6, 9.4, 3.5, 8.8),
(404, 105, 3, 'Contain', 1.73, 37, 207, 2190, 1.3, 0.1, 6.9, 6.9),
(405, 81, 4, 'Responsibility', 2.85, 188, 169, 2718, 6.4, 2.9, 5.8, 5.6),
(406, 71, 4, 'Seek', 5.41, 453, 201, 3260, 6.1, 2, 6, 4.8),
(407, 79, 3, 'Player', 5.53, 437, 95, 3552, 9.5, 1.3, 3.1, 7.8),
(408, 42, 1, 'Show', 1.89, 440, 146, 3330, 6.1, 7.7, 7.4, 1.6),
(409, 2, 1, 'Drop', 5.85, 512, 213, 1833, 1, 2.9, 4.3, 6.1),
(410, 99, 4, 'Factor', 4.49, 563, 133, 2964, 10.6, 0.6, 8, 1.8),
(411, 127, 4, 'Her', 0.57, 560, 133, 847, 0.4, 6.6, 5.6, 2.3),
(412, 44, 1, 'Name', 2.84, 30, 100, 405, 11, 8.6, 4.2, 4),
(413, 52, 1, 'Out', 5.29, 100, 83, 2301, 3.1, 9.1, 9.2, 3.5),
(414, 71, 2, 'Table', 4.44, 229, 176, 3858, 4.4, 0.1, 2.6, 5.1),
(415, 144, 1, 'Sound', 3.77, 378, 89, 3338, 5.6, 2.8, 5.8, 7.9),
(416, 65, 4, 'None', 6.78, 525, 122, 3152, 3.7, 8.5, 7.1, 9),
(417, 8, 4, 'Debate', 1.26, 99, 157, 2645, 8.7, 2.4, 7.3, 8),
(418, 106, 3, 'Off', 3.86, 39, 127, 1066, 3.2, 4.4, 7.7, 3.4),
(419, 142, 2, 'Model', 3.6, 392, 115, 3713, 6.3, 2, 7.7, 9.3),
(420, 49, 4, 'Least', 5.29, 270, 121, 3624, 2.9, 2.5, 8.5, 8.4),
(421, 92, 2, 'Prove', 5.56, 152, 80, 2818, 10.5, 5.4, 1.1, 8.6),
(422, 11, 4, 'Body', 2.91, 352, 186, 3728, 10.8, 9.9, 8.8, 4.9),
(423, 131, 3, 'Still', 3.09, 161, 73, 2203, 8.8, 5.3, 5.9, 5),
(424, 101, 2, 'Character', 3.47, 153, 192, 1934, 3.5, 0.1, 7.1, 3.8),
(425, 26, 3, 'Religious', 2.85, 295, 107, 2296, 2.9, 3, 9.6, 3.4),
(426, 48, 4, 'Moment', 3.26, 459, 155, 1545, 9.4, 3.1, 2.6, 1.3),
(427, 148, 2, 'Scientist', 5.79, 306, 120, 2324, 4.8, 4.2, 2.3, 9.6),
(428, 39, 4, 'Anyone', 5.74, 210, 167, 2096, 1.5, 9.8, 6.7, 5.3),
(429, 81, 4, 'Yes', 2.45, 78, 161, 455, 7.6, 0.7, 8.3, 4.8),
(430, 25, 4, 'Receive', 5.34, 296, 152, 1525, 6.2, 10.3, 3.3, 0.2),
(431, 32, 3, 'Loss', 6.14, 233, 207, 2408, 7.1, 5.9, 9.8, 2.8),
(432, 84, 4, 'Language', 5.54, 487, 80, 1610, 6.8, 5.1, 9.6, 8.7),
(433, 87, 4, 'Political', 4.6, 444, 78, 374, 1.8, 2.5, 3.9, 2.9),
(434, 69, 4, 'Pick', 2.26, 485, 152, 3113, 6.5, 10.6, 4.7, 1.8),
(435, 6, 2, 'Meeting', 5.23, 287, 80, 912, 1.8, 1.1, 1.6, 8.8),
(436, 141, 1, 'There', 0.67, 436, 194, 3183, 11, 1.1, 6.6, 0.8),
(437, 100, 3, 'Edge', 1.99, 320, 173, 2616, 1.4, 5.8, 2.5, 0.4),
(438, 92, 3, 'Political', 6.12, 508, 198, 3879, 3, 4.9, 9.7, 7),
(439, 46, 4, 'Toward', 4.6, 475, 194, 2670, 7, 3.4, 4.1, 5.4),
(440, 23, 4, 'Focus', 2.5, 452, 126, 687, 3.3, 0, 8.3, 8.5),
(441, 89, 3, 'Pattern', 3.55, 38, 185, 3928, 8.3, 3.3, 7.9, 8),
(442, 60, 1, 'Send', 4.06, 223, 165, 3663, 6.2, 4.3, 2.5, 7.4),
(443, 100, 4, 'Board', 1.93, 111, 168, 2611, 2.6, 8.4, 9.2, 8.1),
(444, 70, 3, 'No', 4.71, 574, 128, 1741, 2.1, 0.8, 2.2, 1.1),
(445, 117, 4, 'None', 2.27, 533, 108, 1363, 0.2, 0.5, 5.8, 1.9),
(446, 27, 3, 'Keep', 2.25, 478, 62, 1003, 1, 0.2, 3, 4.2),
(447, 128, 3, 'Radio', 3.51, 62, 144, 378, 9.3, 10.5, 1.5, 7.8),
(448, 19, 4, 'According', 1.68, 286, 157, 3442, 0.1, 10.7, 7.4, 3.8),
(449, 114, 2, 'Really', 5.29, 64, 110, 1937, 8.1, 1, 7, 2.1),
(450, 100, 3, 'Back', 6.59, 192, 70, 3100, 10.3, 5.7, 3.3, 6.4);

-- --------------------------------------------------------

--
-- Struktura tabulky `beatmapsets`
--

CREATE TABLE `beatmapsets` (
  `id_set` int(11) NOT NULL,
  `title` varchar(255) NOT NULL,
  `artist` varchar(255) NOT NULL,
  `creator` varchar(255) NOT NULL,
  `source` varchar(255) DEFAULT NULL,
  `tags` varchar(500) DEFAULT NULL,
  `status` enum('Ranked','Loved','Pending','Graveyard') NOT NULL,
  `approved_date` date DEFAULT NULL
) ENGINE=InnoDB DEFAULT CHARSET=utf8 COLLATE=utf8_general_ci;

--
-- Vypisuji data pro tabulku `beatmapsets`
--

INSERT INTO `beatmapsets` (`id_set`, `title`, `artist`, `creator`, `source`, `tags`, `status`, `approved_date`) VALUES
(1, 'Smile really', 'Charles Small', 'conleykimberly', 'floor', 'population amount you finally benefit', 'Pending', NULL),
(2, 'Difficult', 'Michael Lee', 'lwebb', 'home', 'evening sure blood century skill', 'Pending', NULL),
(3, 'Federal strategy step all', 'Angelica Thomas', 'masseyteresa', 'down', 'about ok who allow after', 'Loved', '2022-01-29'),
(4, 'Night now left', 'Patricia Vazquez', 'joseph66', 'beyond', 'health address pick service consider', 'Ranked', '2025-04-08'),
(5, 'Democratic court', 'Dawn Mitchell', 'james94', 'perhaps', 'rule decade sound leave including', 'Pending', NULL),
(6, 'Health', 'Jeffrey Smith', 'amandasmith', 'thousand', 'painting civil your health suddenly', 'Loved', '2021-09-05'),
(7, 'Determine worry down', 'Susan Macias', 'buchanantiffany', 'down', 'wall order foot wonder animal', 'Ranked', '2022-07-11'),
(8, 'Social yes', 'David Williams', 'ddaniels', 'girl', 'trip party chance control interest', 'Pending', NULL),
(9, 'Those', 'Tammy Gilbert', 'virginia75', 'too', 'effort fine camera indeed area', 'Loved', '2022-11-26'),
(10, 'Which across hour', 'Patrick Boyd', 'rickyreese', 'song', 'surface whose win according wonder', 'Pending', NULL),
(11, 'Book health', 'Katherine Brown', 'smithdonna', 'yet', 'commercial score development student early', 'Loved', '2021-01-16'),
(12, 'Movement resource', 'April Anthony', 'nmathews', 'skill', 'do anyone and whom after', 'Ranked', '2022-04-04'),
(13, 'Ball receive herself', 'Julie Baker', 'ehawkins', 'stage', 'true give serve model letter', 'Pending', NULL),
(14, 'Popular fish', 'Jerome Johnson', 'nmullen', 'lose', 'compare five again red career', 'Ranked', '2021-09-03'),
(15, 'Street break old', 'Tyler Kirk', 'lwebb', 'if', 'follow time her thank at', 'Pending', NULL),
(16, 'Image challenge various', 'Shelby Walker', 'renee02', 'something', 'choose when report particular certainly', 'Loved', '2023-10-08'),
(17, 'Either early interest', 'Darlene Clarke', 'mirandamonica', 'accept', 'perform radio writer stock choose', 'Loved', '2025-06-26'),
(18, 'Yard yes', 'Anna Kennedy', 'christophercox', 'meet', 'image fight always result half', 'Ranked', '2022-12-29'),
(19, 'Thank', 'Morgan Martinez', 'bushbrian', 'general', 'before technology me look business', 'Graveyard', NULL),
(20, 'Maybe laugh entire spend', 'Steve Thompson', 'brownmark', 'down', 'sign continue participant ball job', 'Loved', '2024-01-18'),
(21, 'Discuss role old', 'Anthony Stevens', 'dburns', 'Democrat', 'list probably well everybody soon', 'Graveyard', NULL),
(22, 'Matter question', 'Brooke Jacobs', 'benjaminorr', 'skin', 'least drop approach couple capital', 'Loved', '2024-05-12'),
(23, 'Board', 'Sarah Jones', 'jeffrey22', 'cold', 'reason item lawyer from capital', 'Graveyard', NULL),
(24, 'Body here hard', 'Frank Duran', 'dawn69', 'society', 'partner build enough certain national', 'Loved', '2023-10-12'),
(25, 'Window quality', 'Erin Chandler', 'heather17', 'often', 'thus will cut ago office', 'Pending', NULL),
(26, 'Follow statement', 'Jeff Collins', 'aadams', 'analysis', 'subject international face win live', 'Pending', NULL),
(27, 'Line out discussion', 'Tiffany Estrada', 'estevens', 'various', 'student town environment lawyer especially', 'Graveyard', NULL),
(28, 'Check special possible', 'Christopher Smith', 'devingibson', 'dream', 'within understand trial area west', 'Loved', '2024-04-24'),
(29, 'Development decision task', 'Cesar Richardson', 'jasmineparrish', 'national', 'memory idea experience last small', 'Ranked', '2021-01-22'),
(30, 'Nor itself defense', 'Monica Robinson', 'rschultz', 'very', 'change across side while your', 'Ranked', '2022-07-22'),
(31, 'Station', 'Joseph King', 'rebecca13', 'town', 'decade tree send program ago', 'Loved', '2024-11-12'),
(32, 'Ability early', 'John Thomas', 'rebecca13', 'term', 'though other film rise identify', 'Loved', '2023-11-20'),
(33, 'Begin need particular', 'Matthew Evans', 'wrightchristopher', 'future', 'seat senior most rock sell', 'Ranked', '2023-09-25'),
(34, 'Speak interest energy', 'Daniel Howell', 'april65', 'personal', 'set court voice heavy chair', 'Ranked', '2024-08-26'),
(35, 'Base', 'Dawn Clarke', 'qharper', 'spring', 'about present turn lose fill', 'Ranked', '2022-11-18'),
(36, 'Home', 'Jonathan Hicks', 'ipotts', 'rock', 'everyone music past compare wear', 'Pending', NULL),
(37, 'Social collection fact', 'Jennifer Davis', 'bishopmonica', 'sea', 'build offer moment suddenly line', 'Loved', '2022-12-31'),
(38, 'Without record', 'Charles Hanson', 'mrivera', 'bit', 'today study industry town it', 'Graveyard', NULL),
(39, 'Left any', 'Kerri Perez', 'dawn69', 'follow', 'model little their per value', 'Loved', '2025-05-09'),
(40, 'Agency stock off', 'Jerome Franklin', 'robinsonkimberly', 'forget', 'either simply account stuff nor', 'Graveyard', NULL),
(41, 'Off near', 'Steven Gonzalez', 'jenniferrogers', 'firm', 'add condition force nothing spring', 'Graveyard', NULL),
(42, 'Congress', 'Taylor Sloan', 'brownanne', 'into', 'television challenge learn suggest ago', 'Loved', '2023-02-07'),
(43, 'All bit institution', 'Sabrina Horne', 'tyrone25', 'beyond', 'watch number see collection student', 'Ranked', '2023-10-10'),
(44, 'Candidate choice series', 'David Buchanan', 'khanjoshua', 'that', 'carry executive cut would himself', 'Graveyard', NULL),
(45, 'Tough pass side', 'Lauren Taylor', 'matthewle', 'century', 'government similar skill away space', 'Graveyard', NULL),
(46, 'Poor ahead', 'Lindsey Woodard', 'klawson', 'significant', 'alone it child especially trouble', 'Graveyard', NULL),
(47, 'Assume though big', 'Mark Ellison', 'salinasann', 'hot', 'force reflect garden dinner bit', 'Ranked', '2025-10-03'),
(48, 'Staff staff', 'Nicole Gibson', 'eric15', 'part', 'home event arm hit summer', 'Ranked', '2023-09-01'),
(49, 'Art employee', 'Jeffrey Hall', 'harveyjennifer', 'suffer', 'history picture guess effect expert', 'Graveyard', NULL),
(50, 'Indeed clear certain', 'Joshua Love', 'salinasann', 'pass', 'national the soldier outside senior', 'Pending', NULL),
(51, 'People class energy', 'Gerald Oliver', 'uroberts', 'senior', 'budget buy around nature scene', 'Loved', '2024-08-17'),
(52, 'Someone', 'Vanessa Roberts', 'patrick06', 'treat', 'one it stop term sea', 'Loved', '2024-06-27'),
(53, 'Organization rock', 'Roberto Owens', 'erin30', 'speech', 'price newspaper event until join', 'Graveyard', NULL),
(54, 'Know wind', 'Tracey Gallegos', 'ehamilton', 'agreement', 'center religious hair himself should', 'Graveyard', NULL),
(55, 'Happy modern rather', 'Stacey Anderson', 'christopher08', 'find', 'culture head their capital professor', 'Pending', NULL),
(56, 'Trade worry', 'Sue Brown', 'richard92', 'cover', 'on attorney western skin subject', 'Loved', '2024-04-21'),
(57, 'Turn continue', 'Matthew Mathis', 'pamela37', 'father', 'music radio mother act tree', 'Graveyard', NULL),
(58, 'Where military', 'Laurie Orr', 'benjaminorr', 'once', 'drop set space whatever tonight', 'Ranked', '2022-06-05'),
(59, 'Always', 'Steven Contreras', 'briancallahan', 'environmental', 'benefit similar student win skin', 'Ranked', '2021-03-14'),
(60, 'Increase', 'Michael Moyer', 'ogreen', 'grow', 'about history color offer spend', 'Loved', '2021-03-30'),
(61, 'Common media', 'Monique Young', 'mary24', 'central', 'now hot until cold man', 'Graveyard', NULL),
(62, 'Main thing', 'Angela Escobar', 'tjackson', 'spring', 'shake among necessary candidate project', 'Graveyard', NULL),
(63, 'Early second environmental', 'Christine Robinson', 'dawn69', 'score', 'walk increase focus move seek', 'Graveyard', NULL),
(64, 'National road improve trial', 'Bryan Griffin', 'harveyjennifer', 'music', 'boy purpose road into how', 'Loved', '2023-11-04'),
(65, 'Always player sign', 'David Nguyen', 'sponce', 'actually', 'then article simple democratic rock', 'Ranked', '2024-04-26'),
(66, 'Never few officer', 'Patricia Ward', 'jessicalucas', 'six', 'road mind challenge will country', 'Pending', NULL),
(67, 'When', 'Nicole Campbell', 'joseph66', 'common', 'compare over oil debate black', 'Pending', NULL),
(68, 'Down should', 'Kent Fisher', 'lee93', 'night', 'catch when why ever could', 'Graveyard', NULL),
(69, 'Green involve', 'Michael Martin', 'rickyreese', 'chair', 'create crime skill trade never', 'Loved', '2025-04-15'),
(70, 'Family money someone', 'Richard Watkins', 'morrisonandrea', 'or', 'speak wife business his democratic', 'Loved', '2021-07-30'),
(71, 'Building maybe', 'Betty Price', 'mirandamonica', 'least', 'more interview care then worker', 'Ranked', '2023-01-18'),
(72, 'Eye including', 'Crystal Trujillo', 'mary20', 'language', 'perhaps range certain us movie', 'Pending', NULL),
(73, 'Successful', 'Steven Bradley', 'mirandamonica', 'feeling', 'third bank Democrat Mr executive', 'Ranked', '2024-07-28'),
(74, 'Ball near', 'Brooke Adams', 'sallen', 'range', 'every season realize boy PM', 'Graveyard', NULL),
(75, 'Including family despite', 'Cynthia Frederick', 'amandasmith', 'thousand', 'PM approach minute campaign coach', 'Loved', '2025-01-06'),
(76, 'Ability different walk act', 'Sheila Torres', 'mirandamonica', 'activity', 'too industry know bring indeed', 'Ranked', '2024-12-15'),
(77, 'His claim', 'Jason George', 'gallagherstephen', 'or', 'range there approach cup structure', 'Ranked', '2021-05-04'),
(78, 'Common join nation', 'Maria Pratt', 'trevormcbride', 'threat', 'cost war carry so audience', 'Ranked', '2022-08-15'),
(79, 'Put small political', 'Christina Hunter', 'eric15', 'growth', 'someone attention before natural baby', 'Loved', '2025-09-03'),
(80, 'Field scientist', 'Gabriela Gardner', 'michaelbarr', 'significant', 'do cultural rest during huge', 'Ranked', '2024-10-22'),
(81, 'Suggest charge knowledge practice', 'Deborah Munoz', 'christophercox', 'amount', 'room lay so goal take', 'Loved', '2023-01-04'),
(82, 'Thus experience', 'Laura Velazquez', 'alexis90', 'throw', 'behind hundred seek truth into', 'Ranked', '2021-08-05'),
(83, 'Especially course', 'Tara Scott MD', 'petersontammy', 'total', 'analysis unit from guess address', 'Ranked', '2024-06-03'),
(84, 'Exactly very', 'James Li', 'jessica11', 'continue', 'different national present meeting see', 'Pending', NULL),
(85, 'Set blue them near', 'Cameron Davis', 'kpadilla', 'nothing', 'within air class interest group', 'Loved', '2023-11-25'),
(86, 'West control especially', 'Jasmine Martin', 'travis73', 'week', 'sing should what story region', 'Pending', NULL),
(87, 'Wish road sport', 'Antonio Hutchinson', 'erin04', 'least', 'to others rate water large', 'Pending', NULL),
(88, 'Coach store change', 'Ann Jacobs', 'imercer', 'produce', 'lawyer story some significant real', 'Loved', '2023-10-06'),
(89, 'Role week', 'Nathan Alexander', 'travis73', 'discover', 'condition difference claim woman decade', 'Pending', NULL),
(90, 'Region wrong', 'Stephanie Lopez', 'ronald67', 'animal', 'above floor day my stock', 'Pending', NULL),
(91, 'Morning Republican', 'William Harmon', 'alvarezangela', 'wind', 'item key test point history', 'Ranked', '2022-03-07'),
(92, 'Nearly hold also', 'Chelsea Wiggins', 'lawrence91', 'then', 'three perhaps hotel bill attack', 'Graveyard', NULL),
(93, 'Side he continue', 'Andrea Jackson', 'ocox', 'product', 'idea any hard sit medical', 'Ranked', '2023-03-20'),
(94, 'Democrat growth cell', 'Brian Becker', 'bishopmonica', 'interview', 'why American want whom education', 'Loved', '2023-08-13'),
(95, 'After part moment', 'Joshua Brown', 'buchanantiffany', 'sell', 'industry knowledge knowledge eat special', 'Pending', NULL),
(96, 'Pretty south old', 'Kerry Brown', 'pattonharold', 'appear', 'conference find source age her', 'Pending', NULL),
(97, 'Scientist wall whole situation', 'Trevor Morgan', 'brownmark', 'so', 'fact event single music realize', 'Loved', '2022-12-12'),
(98, 'These bar see', 'Shannon Robinson', 'millerkimberly', 'time', 'partner cold daughter eat moment', 'Pending', NULL),
(99, 'Yeah hold gas', 'Donna Spears', 'barnesfrank', 'help', 'officer while various television value', 'Graveyard', NULL),
(100, 'Either true or', 'Lisa Pitts', 'lauraschmitt', 'leader', 'arrive also where nothing poor', 'Pending', NULL),
(101, 'Area carry', 'Carrie Horne', 'ehughes', 'traditional', 'station city father game she', 'Ranked', '2023-09-24'),
(102, 'Rise leader agency', 'James Lewis', 'carterkurt', 'mouth', 'thank of song next position', 'Pending', NULL),
(103, 'Indicate', 'Lindsey Davis', 'christopher63', 'girl', 'man glass there administration middle', 'Ranked', '2021-01-22'),
(104, 'Might kitchen unit', 'Derrick Garcia', 'leslie09', 'ahead', 'whatever music campaign under true', 'Pending', NULL),
(105, 'That federal southern', 'Susan Roberts MD', 'alison12', 'major', 'miss include open option purpose', 'Ranked', '2025-05-08'),
(106, 'Ahead risk', 'James Schmidt', 'dchen', 'without', 'finish position final term fact', 'Loved', '2021-06-30'),
(107, 'Gun your', 'Jesse Simmons', 'deborah39', 'assume', 'floor project good catch certain', 'Pending', NULL),
(108, 'Strong item although', 'Christopher Tyler', 'michaelgomez', 'house', 'agent return really activity third', 'Loved', '2022-07-08'),
(109, 'Why current instead', 'Adam Huang', 'smorgan', 'fish', 'life particularly black consumer read', 'Pending', NULL),
(110, 'Speak black', 'Leroy Anderson', 'murphyalexander', 'team', 'employee move state at center', 'Pending', NULL),
(111, 'Bring professional rate according', 'Matthew Sullivan', 'buchanantiffany', 'watch', 'play course other tend key', 'Graveyard', NULL),
(112, 'Show sometimes', 'Lawrence Mckenzie', 'nsmith', 'player', 'not budget old where event', 'Ranked', '2025-08-29'),
(113, 'Hear force', 'Stanley Velazquez', 'ogreen', 'yard', 'plan represent about politics product', 'Graveyard', NULL),
(114, 'General court concern', 'Bianca Hanna', 'sheaanna', 'usually', 'against particularly with audience action', 'Ranked', '2021-04-09'),
(115, 'Share treatment meet', 'Devon Solis', 'garywu', 'window', 'senior ago off will rock', 'Pending', NULL),
(116, 'Minute team writer material', 'Kimberly Sparks', 'juliamurray', 'three', 'mission open mission hit trade', 'Loved', '2021-10-22'),
(117, 'Knowledge outside successful', 'Jennifer Hart', 'virginia75', 'prepare', 'happy military in represent view', 'Pending', NULL),
(118, 'Professional anything wait painting', 'Alicia Mckinney', 'cookedavid', 'of', 'couple east area history mind', 'Graveyard', NULL),
(119, 'Floor good', 'Eric Hansen', 'patricia54', 'cup', 'along chance stand course education', 'Graveyard', NULL),
(120, 'News message half', 'Cody White', 'adriana11', 'town', 'reflect commercial note mean north', 'Ranked', '2022-05-27'),
(121, 'Majority Democrat like oil', 'Benjamin Chavez', 'lwebb', 'financial', 'class stuff why itself kind', 'Ranked', '2023-11-16'),
(122, 'Like out', 'Ashley Fischer', 'kendra20', 'main', 'heart player read experience already', 'Loved', '2025-05-09'),
(123, 'Available sign', 'Nicholas Brown', 'lauraschmitt', 'front', 'budget become road radio south', 'Ranked', '2023-02-26'),
(124, 'Interest crime lot', 'Eric Smith', 'millerkimberly', 'character', 'language off resource hour future', 'Loved', '2024-10-14'),
(125, 'Future determine', 'Erik Bentley', 'brucecollins', 'future', 'key number rate opportunity it', 'Loved', '2025-09-11'),
(126, 'Poor very water', 'Teresa Turner', 'bowmantiffany', 'board', 'dream wear Democrat open pretty', 'Pending', NULL),
(127, 'Attention stage', 'Michael Lee', 'melissa80', 'then', 'explain special set cut less', 'Ranked', '2023-03-24'),
(128, 'System Republican once', 'Cheryl Huerta', 'qdavis', 'maintain', 'think save animal ground science', 'Loved', '2021-10-16'),
(129, 'Across dream direction', 'Teresa Reyes MD', 'steven46', 'could', 'health view contain young bring', 'Loved', '2025-02-16'),
(130, 'Skill hair', 'Breanna Johnson', 'carterkurt', 'run', 'include type talk position computer', 'Ranked', '2023-03-12'),
(131, 'Rule series', 'Courtney Taylor', 'matthewle', 'song', 'just office himself how kid', 'Graveyard', NULL),
(132, 'Animal evening tax', 'Johnathan Glover', 'petersontammy', 'threat', 'week voice respond understand many', 'Loved', '2022-03-24'),
(133, 'What task', 'Patricia Arnold', 'richardsoncynthia', 'less', 'coach notice surface process majority', 'Loved', '2024-12-19'),
(134, 'Provide require', 'Nicholas Morgan', 'miranda24', 'movie', 'partner just at adult its', 'Graveyard', NULL),
(135, 'Notice peace', 'Jacob Pacheco', 'gonzalezcaroline', 'notice', 'claim cover care have understand', 'Loved', '2021-12-10'),
(136, 'Mrs several significant', 'Megan Wilson', 'kwilliams', 'best', 'bill audience important such recently', 'Pending', NULL),
(137, 'Paper race', 'John Lee', 'klawson', 'minute', 'tell place education simple stand', 'Loved', '2023-08-20'),
(138, 'Book together well five', 'Sarah Taylor', 'mcneilmary', 'traditional', 'woman notice while issue discussion', 'Loved', '2022-05-13'),
(139, 'Pattern my necessary', 'Karen Edwards', 'chelseareed', 'statement', 'star rich purpose along stop', 'Ranked', '2024-12-07'),
(140, 'Yet check', 'Isaiah Baker', 'sponce', 'these', 'economy support hold property deep', 'Ranked', '2025-06-11'),
(141, 'Security born', 'Tracy Doyle', 'zallen', 'day', 'under her officer prove another', 'Loved', '2021-05-12'),
(142, 'Pattern under TV', 'David Case', 'lisacrawford', 'follow', 'cause turn when adult at', 'Graveyard', NULL),
(143, 'National', 'Christopher Hernandez', 'pamelabarber', 'catch', 'big here seven already seem', 'Pending', NULL),
(144, 'Prepare speech weight', 'Julian Blanchard', 'qharper', 'people', 'end floor foot teach cut', 'Loved', '2021-06-14'),
(145, 'Officer provide', 'Zachary Fisher', 'gonzalezcaroline', 'few', 'it something hospital life beautiful', 'Loved', '2022-07-31'),
(146, 'Order beat back', 'Amanda Wood', 'aadams', 'capital', 'second magazine question authority nor', 'Pending', NULL),
(147, 'Official various enjoy live', 'Monique Matthews', 'mrivera', 'than', 'drive rest consumer child concern', 'Ranked', '2021-12-01'),
(148, 'Security', 'Kirsten Cole', 'juliamurray', 'per', 'computer according another agreement out', 'Pending', NULL),
(149, 'Situation cost card', 'Tonya Glenn', 'pamelabarber', 'often', 'recently trade practice form its', 'Graveyard', NULL),
(150, 'Conference indicate thousand', 'Ronnie Horn', 'nataliegordon', 'also', 'ahead where spring final meet', 'Pending', NULL);

-- --------------------------------------------------------

--
-- Struktura tabulky `countries`
--

CREATE TABLE `countries` (
  `code` char(2) NOT NULL,
  `name` varchar(255) NOT NULL,
  `flag_url` varchar(255) DEFAULT NULL
) ENGINE=InnoDB DEFAULT CHARSET=utf8 COLLATE=utf8_general_ci;

--
-- Vypisuji data pro tabulku `countries`
--

INSERT INTO `countries` (`code`, `name`, `flag_url`) VALUES
('AR', 'Argentina', 'https://flags.example/ar.png'),
('BA', 'Barbados', 'https://flags.example/ba.png'),
('BB', 'Bahrain', 'https://flags.example/bb.png'),
('BH', 'Bhutan', 'https://flags.example/bh.png'),
('BO', 'Bolivia', 'https://flags.example/bo.png'),
('BR', 'Brazil', 'https://flags.example/br.png'),
('BU', 'Burkina Faso', 'https://flags.example/bu.png'),
('DE', 'Denmark', 'https://flags.example/de.png'),
('DO', 'Dominican Republic', 'https://flags.example/do.png'),
('EQ', 'Equatorial Guinea', 'https://flags.example/eq.png'),
('FA', 'Falkland Islands (Malvinas)', 'https://flags.example/fa.png'),
('FI', 'Finland', 'https://flags.example/fi.png'),
('FR', 'French Polynesia', 'https://flags.example/fr.png'),
('FS', 'French Southern Territories', 'https://flags.example/fs.png'),
('GH', 'Ghana', 'https://flags.example/gh.png'),
('GU', 'Guinea', 'https://flags.example/gu.png'),
('HO', 'Honduras', 'https://flags.example/ho.png'),
('KY', 'Kyrgyz Republic', 'https://flags.example/ky.png'),
('LA', 'Latvia', 'https://flags.example/la.png'),
('MA', 'Mauritania', 'https://flags.example/ma.png'),
('MB', 'Madagascar', 'https://flags.example/mb.png'),
('NE', 'Netherlands Antilles', 'https://flags.example/ne.png'),
('PA', 'Palau', 'https://flags.example/pa.png'),
('SL', 'Slovakia (Slovak Republic)', 'https://flags.example/sl.png'),
('SO', 'Solomon Islands', 'https://flags.example/so.png'),
('SP', 'South Georgia and the South Sandwich Islands', 'https://flags.example/sp.png'),
('SW', 'Sweden', 'https://flags.example/sw.png'),
('UN', 'United States of America', 'https://flags.example/un.png'),
('UO', 'United States Virgin Islands', 'https://flags.example/uo.png'),
('UZ', 'Uzbekistan', 'https://flags.example/uz.png');

-- --------------------------------------------------------

--
-- Struktura tabulky `gamemodes`
--

CREATE TABLE `gamemodes` (
  `id_mode` int(11) NOT NULL,
  `name` enum('taiko','standard','mania','ctb') NOT NULL,
  `description` varchar(255) DEFAULT NULL
) ENGINE=InnoDB DEFAULT CHARSET=utf8 COLLATE=utf8_general_ci;

--
-- Vypisuji data pro tabulku `gamemodes`
--

INSERT INTO `gamemodes` (`id_mode`, `name`, `description`) VALUES
(1, 'taiko', 'taiko mode'),
(2, 'standard', 'standard mode'),
(3, 'mania', 'mania mode'),
(4, 'ctb', 'ctb mode');

-- --------------------------------------------------------

--
-- Struktura tabulky `medals`
--

CREATE TABLE `medals` (
  `id_medal` int(11) NOT NULL,
  `name` varchar(255) NOT NULL,
  `description` varchar(255) DEFAULT NULL,
  `icon_url` varchar(255) DEFAULT NULL
) ENGINE=InnoDB DEFAULT CHARSET=utf8 COLLATE=utf8_general_ci;

--
-- Vypisuji data pro tabulku `medals`
--

INSERT INTO `medals` (`id_medal`, `name`, `description`, `icon_url`) VALUES
(1, 'Center Medal', 'Pretty same letter push life hand of business.', 'https://medals.example/1.png'),
(2, 'Money Medal', 'Suggest room management.', 'https://medals.example/2.png'),
(3, 'Financial Medal', 'Charge pick enter beautiful win.', 'https://medals.example/3.png'),
(4, 'Step Medal', 'Owner ago important goal bring price.', 'https://medals.example/4.png'),
(5, 'Way Medal', 'Common tax instead.', 'https://medals.example/5.png'),
(6, 'Person Medal', 'Drug shake home feel experience.', 'https://medals.example/6.png'),
(7, 'Two Medal', 'College against finish staff music public main usually.', 'https://medals.example/7.png'),
(8, 'Necessary Medal', 'Consumer if education maintain management seat someone entire.', 'https://medals.example/8.png');

-- --------------------------------------------------------

--
-- Struktura tabulky `mods`
--

CREATE TABLE `mods` (
  `id_mod` int(11) NOT NULL,
  `code` varchar(255) NOT NULL,
  `name` varchar(255) NOT NULL,
  `description` varchar(255) DEFAULT NULL
) ENGINE=InnoDB DEFAULT CHARSET=utf8 COLLATE=utf8_general_ci;

--
-- Vypisuji data pro tabulku `mods`
--

INSERT INTO `mods` (`id_mod`, `code`, `name`, `description`) VALUES
(1, 'NF', 'No Fail', 'Player will not fail'),
(2, 'EZ', 'Easy', 'Reduces difficulty'),
(3, 'HD', 'Hidden', 'No approach circles'),
(4, 'HR', 'HardRock', 'Increases difficulty'),
(5, 'DT', 'DoubleTime', 'Faster playback'),
(6, 'HT', 'HalfTime', 'Slower playback'),
(7, 'FL', 'Flashlight', 'Limited vision'),
(8, 'SO', 'SpunOut', 'Spinners auto-complete'),
(9, 'NC', 'Nightcore', 'Special DoubleTime'),
(10, 'PF', 'Perfect', 'Auto-perfect'),
(11, 'SD', 'SuddenDeath', 'Player will fail on a miss'),
(12, 'TD', 'Target', 'Example mod');

-- --------------------------------------------------------

--
-- Struktura tabulky `playermedals`
--

CREATE TABLE `playermedals` (
  `id_player` int(11) NOT NULL,
  `id_medal` int(11) NOT NULL,
  `achieved_date` date NOT NULL
) ENGINE=InnoDB DEFAULT CHARSET=utf8 COLLATE=utf8_general_ci;

--
-- Vypisuji data pro tabulku `playermedals`
--

INSERT INTO `playermedals` (`id_player`, `id_medal`, `achieved_date`) VALUES
(125, 3, '2021-11-30'),
(29, 2, '2021-12-04'),
(10, 2, '2021-12-11'),
(1, 8, '2021-12-16'),
(167, 7, '2022-01-02'),
(171, 8, '2022-01-02'),
(51, 6, '2022-01-03'),
(175, 3, '2022-01-03'),
(82, 8, '2022-01-09'),
(8, 2, '2022-01-14'),
(125, 6, '2022-01-16'),
(123, 5, '2022-01-17'),
(16, 4, '2022-01-23'),
(139, 3, '2022-01-25'),
(186, 1, '2022-01-26'),
(33, 1, '2022-02-02'),
(60, 5, '2022-02-02'),
(30, 8, '2022-02-03'),
(92, 8, '2022-02-04'),
(113, 2, '2022-02-04'),
(39, 8, '2022-02-05'),
(84, 3, '2022-02-05'),
(123, 2, '2022-02-05'),
(24, 1, '2022-02-11'),
(123, 6, '2022-02-14'),
(143, 7, '2022-02-14'),
(16, 8, '2022-02-17'),
(33, 3, '2022-03-04'),
(177, 5, '2022-03-11'),
(60, 2, '2022-03-26'),
(19, 7, '2022-04-04'),
(53, 8, '2022-04-08'),
(70, 7, '2022-04-08'),
(121, 2, '2022-04-08'),
(111, 1, '2022-04-09'),
(139, 6, '2022-04-12'),
(187, 1, '2022-04-12'),
(175, 4, '2022-04-21'),
(31, 8, '2022-04-23'),
(19, 2, '2022-04-24'),
(99, 7, '2022-04-27'),
(122, 3, '2022-05-05'),
(1, 2, '2022-05-15'),
(25, 1, '2022-05-16'),
(89, 7, '2022-05-17'),
(107, 7, '2022-05-17'),
(191, 5, '2022-05-25'),
(190, 7, '2022-05-27'),
(80, 4, '2022-06-08'),
(142, 4, '2022-06-08'),
(188, 5, '2022-06-14'),
(53, 5, '2022-06-15'),
(16, 6, '2022-07-07'),
(38, 3, '2022-07-09'),
(173, 6, '2022-07-09'),
(3, 1, '2022-07-18'),
(17, 6, '2022-07-20'),
(67, 4, '2022-07-23'),
(120, 1, '2022-07-31'),
(100, 2, '2022-08-01'),
(185, 3, '2022-08-01'),
(83, 6, '2022-08-03'),
(22, 5, '2022-08-15'),
(127, 2, '2022-08-21'),
(155, 3, '2022-08-23'),
(200, 4, '2022-08-23'),
(200, 2, '2022-08-29'),
(132, 8, '2022-09-18'),
(174, 2, '2022-09-19'),
(115, 2, '2022-09-21'),
(174, 4, '2022-09-24'),
(187, 4, '2022-09-25'),
(127, 6, '2022-10-14'),
(7, 2, '2022-10-15'),
(109, 1, '2022-10-19'),
(66, 7, '2022-10-27'),
(91, 8, '2022-10-27'),
(200, 6, '2022-11-11'),
(104, 2, '2022-11-17'),
(32, 2, '2022-12-02'),
(112, 8, '2022-12-05'),
(186, 6, '2022-12-08'),
(197, 5, '2022-12-09'),
(164, 6, '2022-12-13'),
(25, 4, '2022-12-14'),
(130, 7, '2022-12-17'),
(156, 5, '2022-12-22'),
(164, 7, '2022-12-27'),
(18, 7, '2023-01-03'),
(180, 1, '2023-01-09'),
(5, 5, '2023-01-17'),
(158, 1, '2023-02-05'),
(84, 1, '2023-02-10'),
(169, 6, '2023-02-11'),
(73, 8, '2023-02-13'),
(23, 4, '2023-02-14'),
(85, 2, '2023-02-16'),
(133, 3, '2023-02-18'),
(67, 1, '2023-02-21'),
(76, 5, '2023-02-26'),
(20, 3, '2023-03-13'),
(142, 6, '2023-03-14'),
(121, 7, '2023-03-15'),
(128, 8, '2023-03-17'),
(160, 6, '2023-03-21'),
(131, 6, '2023-03-22'),
(160, 2, '2023-03-24'),
(44, 5, '2023-03-27'),
(161, 7, '2023-03-30'),
(141, 8, '2023-04-01'),
(153, 2, '2023-04-12'),
(154, 6, '2023-04-14'),
(17, 8, '2023-04-25'),
(169, 4, '2023-05-11'),
(40, 7, '2023-05-22'),
(111, 3, '2023-06-06'),
(8, 7, '2023-06-10'),
(88, 1, '2023-06-11'),
(112, 6, '2023-06-13'),
(24, 3, '2023-06-22'),
(141, 6, '2023-07-03'),
(165, 6, '2023-07-06'),
(174, 7, '2023-07-09'),
(84, 5, '2023-07-19'),
(129, 6, '2023-07-20'),
(34, 3, '2023-07-23'),
(28, 5, '2023-07-28'),
(155, 1, '2023-08-05'),
(100, 8, '2023-08-08'),
(103, 6, '2023-08-16'),
(175, 5, '2023-09-02'),
(171, 4, '2023-10-03'),
(130, 8, '2023-10-04'),
(160, 5, '2023-10-07'),
(98, 4, '2023-10-12'),
(63, 2, '2023-10-15'),
(15, 3, '2023-11-13'),
(18, 8, '2023-11-14'),
(120, 8, '2023-11-19'),
(27, 8, '2023-11-20'),
(41, 5, '2023-11-28'),
(108, 7, '2023-11-30'),
(180, 5, '2023-12-02'),
(7, 3, '2023-12-05'),
(183, 7, '2023-12-17'),
(193, 6, '2023-12-19'),
(76, 6, '2023-12-22'),
(157, 4, '2023-12-23'),
(108, 2, '2023-12-31'),
(83, 8, '2024-01-01'),
(131, 2, '2024-01-03'),
(104, 7, '2024-01-05'),
(11, 3, '2024-01-10'),
(26, 7, '2024-01-13'),
(20, 1, '2024-01-27'),
(77, 8, '2024-01-31'),
(102, 6, '2024-01-31'),
(138, 2, '2024-02-02'),
(2, 3, '2024-02-04'),
(88, 3, '2024-02-14'),
(168, 5, '2024-02-14'),
(25, 7, '2024-02-17'),
(82, 7, '2024-02-20'),
(198, 5, '2024-02-29'),
(101, 4, '2024-03-08'),
(10, 8, '2024-03-13'),
(5, 1, '2024-03-16'),
(8, 3, '2024-03-18'),
(157, 3, '2024-03-18'),
(192, 1, '2024-03-19'),
(152, 6, '2024-03-25'),
(94, 1, '2024-03-26'),
(32, 3, '2024-03-29'),
(179, 5, '2024-03-29'),
(146, 4, '2024-04-09'),
(29, 1, '2024-04-11'),
(194, 8, '2024-04-18'),
(181, 1, '2024-04-25'),
(50, 6, '2024-05-01'),
(120, 3, '2024-05-03'),
(49, 7, '2024-05-07'),
(168, 8, '2024-05-08'),
(4, 7, '2024-05-23'),
(139, 2, '2024-05-31'),
(91, 2, '2024-06-07'),
(79, 5, '2024-06-08'),
(65, 7, '2024-06-10'),
(193, 3, '2024-06-11'),
(159, 4, '2024-06-12'),
(37, 8, '2024-06-13'),
(144, 4, '2024-06-17'),
(15, 1, '2024-06-22'),
(17, 5, '2024-06-24'),
(143, 4, '2024-06-24'),
(58, 3, '2024-07-13'),
(90, 5, '2024-07-22'),
(12, 3, '2024-07-25'),
(151, 7, '2024-07-25'),
(128, 5, '2024-07-26'),
(157, 2, '2024-07-27'),
(57, 8, '2024-07-29'),
(36, 1, '2024-08-05'),
(177, 6, '2024-08-05'),
(72, 8, '2024-08-06'),
(153, 8, '2024-08-08'),
(86, 4, '2024-08-12'),
(176, 8, '2024-08-16'),
(167, 4, '2024-08-22'),
(69, 1, '2024-08-26'),
(99, 5, '2024-08-26'),
(127, 8, '2024-09-02'),
(113, 1, '2024-09-06'),
(182, 8, '2024-09-06'),
(115, 1, '2024-09-07'),
(104, 1, '2024-09-12'),
(185, 1, '2024-09-18'),
(151, 2, '2024-09-21'),
(36, 6, '2024-09-28'),
(47, 6, '2024-10-09'),
(90, 3, '2024-10-13'),
(96, 3, '2024-10-16'),
(193, 2, '2024-10-26'),
(88, 6, '2024-10-29'),
(20, 7, '2024-11-03'),
(100, 7, '2024-11-08'),
(171, 5, '2024-11-18'),
(23, 3, '2024-11-22'),
(199, 7, '2024-11-24'),
(38, 5, '2024-11-30'),
(90, 7, '2024-12-06'),
(130, 2, '2024-12-28'),
(144, 8, '2024-12-30'),
(7, 1, '2025-01-02'),
(98, 8, '2025-01-02'),
(9, 6, '2025-01-03'),
(37, 4, '2025-01-15'),
(95, 4, '2025-01-18'),
(21, 2, '2025-01-30'),
(125, 4, '2025-01-31'),
(185, 8, '2025-01-31'),
(56, 7, '2025-02-03'),
(40, 2, '2025-02-04'),
(78, 5, '2025-02-04'),
(11, 1, '2025-02-08'),
(99, 2, '2025-02-10'),
(87, 4, '2025-02-15'),
(70, 8, '2025-02-17'),
(63, 1, '2025-02-18'),
(129, 5, '2025-02-19'),
(199, 2, '2025-02-24'),
(82, 3, '2025-03-05'),
(85, 7, '2025-03-10'),
(95, 2, '2025-03-18'),
(33, 4, '2025-03-21'),
(96, 7, '2025-03-26'),
(108, 6, '2025-03-26'),
(94, 4, '2025-04-12'),
(23, 7, '2025-05-02'),
(95, 7, '2025-05-04'),
(11, 6, '2025-05-10'),
(128, 3, '2025-05-13'),
(15, 8, '2025-06-01'),
(32, 8, '2025-06-03'),
(114, 5, '2025-06-03'),
(40, 3, '2025-06-17'),
(1, 6, '2025-06-24'),
(186, 5, '2025-06-26'),
(51, 1, '2025-06-27'),
(53, 4, '2025-06-28'),
(57, 6, '2025-07-01'),
(165, 1, '2025-07-01'),
(152, 8, '2025-07-04'),
(59, 2, '2025-07-11'),
(173, 1, '2025-07-14'),
(180, 8, '2025-07-27'),
(96, 1, '2025-08-02'),
(39, 1, '2025-08-08'),
(60, 4, '2025-08-08'),
(119, 3, '2025-08-09'),
(89, 6, '2025-08-12'),
(76, 8, '2025-08-16'),
(49, 3, '2025-08-23'),
(77, 3, '2025-08-26'),
(191, 3, '2025-08-27'),
(38, 2, '2025-08-29'),
(50, 5, '2025-09-02'),
(42, 1, '2025-09-05'),
(152, 4, '2025-09-16'),
(4, 3, '2025-09-18'),
(22, 1, '2025-09-20'),
(64, 7, '2025-09-22'),
(147, 6, '2025-09-22'),
(29, 4, '2025-09-24'),
(167, 2, '2025-09-30'),
(154, 7, '2025-10-02'),
(50, 3, '2025-10-03'),
(49, 5, '2025-10-06'),
(111, 2, '2025-10-07'),
(169, 8, '2025-10-12'),
(122, 1, '2025-10-17'),
(143, 1, '2025-10-24'),
(31, 4, '2025-10-29'),
(78, 6, '2025-11-03'),
(101, 5, '2025-11-14'),
(58, 2, '2025-11-16'),
(146, 3, '2025-11-26');

-- --------------------------------------------------------

--
-- Struktura tabulky `players`
--

CREATE TABLE `players` (
  `id_player` int(11) NOT NULL,
  `username` varchar(255) NOT NULL,
  `password_hash` varchar(255) NOT NULL,
  `email` varchar(255) NOT NULL,
  `country_code` char(2) NOT NULL,
  `join_date` date NOT NULL
) ENGINE=InnoDB DEFAULT CHARSET=utf8 COLLATE=utf8_general_ci;

--
-- Vypisuji data pro tabulku `players`
--

INSERT INTO `players` (`id_player`, `username`, `password_hash`, `email`, `country_code`, `join_date`) VALUES
(1, 'garywu', 'fea15d393790aeadf1cad751d05a0b08241de8119ff17d8e112a15c6c6682966', 'mathewgardner@example.net', 'BU', '2024-09-28'),
(2, 'wrightchristopher', '9900525c165b2d5fae2e0ab019ced89c8a47309e2deacc42afb281d0c261e84a', 'christinemartin@example.com', 'DO', '2020-06-19'),
(3, 'lawrence91', 'cfd8c048ec9c5b374c6367dc222a5b8a669865c9342476746fb6e6de420e00cb', 'suzannebennett@example.net', 'HO', '2023-03-06'),
(4, 'millerderek', '640830620a222970b50c96aa6fbf275004c8f2a9d89231ac392cf22b9ce99e0b', 'fowleryolanda@example.org', 'UZ', '2025-01-22'),
(5, 'oliviaschroeder', '994cae1a606715afbf8166da5eb221decbda642606171201a66393fcf8a73730', 'stevenmurray@example.com', 'BA', '2022-11-12'),
(6, 'hli', '1cd8f21b2844b983f97369e0f7591ae73f3ffa9994f32d592738edf737c68289', 'vanessa18@example.com', 'BO', '2021-09-14'),
(7, 'gonzalezcaroline', '7619e8209da2d4e4be4c7c23affa1144dcbb6847462c50de9139c73314c2d963', 'ronald88@example.net', 'BO', '2022-10-16'),
(8, 'lparks', '6497a942be864b6cbc3e92165593ba7dc9b610d96e42a625de6e8949b6d57159', 'alexander10@example.org', 'SW', '2021-07-12'),
(9, 'ipotts', '026e3ed17d9d0fce9565b5ba4591c1646e2375bf7315885b634a4b6946848c9a', 'uvega@example.org', 'UZ', '2021-04-18'),
(10, 'qmiller', 'cf3dd23eaacea5e4d96bc60ad6d906916e81ded32c161126e12c185c68c2525b', 'victor24@example.com', 'DO', '2020-05-31'),
(11, 'bowmantiffany', '08154353e3b7b75c99f6b2194516eaa7bbfeb52d2b7a6c1f3dc0683995e8bc84', 'tinabrown@example.net', 'FI', '2025-08-15'),
(12, 'amanda43', '70d2b8612cf505d166e82254fbf69a028e2d77593e9780c44705f647e10d1549', 'mcleangabriela@example.net', 'UZ', '2020-02-04'),
(13, 'briancallahan', '4533b221d8ebe1287262355bb035a46c3232851b64f0c602113a4c793927b8b4', 'lvaughn@example.com', 'PA', '2022-04-02'),
(14, 'jeffreyjensen', '8730f441593bbd54b6b2f9d550761d6fd58448fd0f40fb57fb75b36b00b5b77c', 'davismichael@example.org', 'KY', '2025-03-21'),
(15, 'mirandamonica', '6bd6aeec990506c5f4227903c0b007c3b08653354ce779d35e014b03ef21e3bb', 'davidroberts@example.org', 'UN', '2024-07-24'),
(16, 'harveyjennifer', 'b6aca6adffc8aa1b17db07a9b57be907d3f4d5f271a6c6f821fbf483d34e7f56', 'douglaschristian@example.org', 'FS', '2025-02-06'),
(17, 'cynthia03', 'bf5162f5cea88d48e2253abc7ff56b7aa42e782c5b7aad4b473e72432ba1fdd2', 'baustin@example.com', 'SO', '2022-07-10'),
(18, 'brownmark', '322dcc8cbb741e3a22c22577fb1170e242e09bfbf2682c6c6e0641e429668ccb', 'stacey75@example.net', 'SL', '2020-12-12'),
(19, 'bishopmonica', '65bf2a2b546c3ba2308a25520a28511847d0e4358e06189d9c51a6e6e7ec5701', 'jeanetteperez@example.org', 'HO', '2022-05-10'),
(20, 'pamela37', '44745a06c390e19c3fee99d63abfc126fa7bc676e9e40c7c93f782308e67fef2', 'pmartinez@example.com', 'UN', '2024-01-03'),
(21, 'michael18', '679dbbf43699be5f33cf56df63f0ca028861dcfd39634046949a01eda3c732f2', 'brendaperez@example.org', 'GH', '2024-09-15'),
(22, 'bushbrian', 'dba13b3f844c3d562e66f17e2300a9ffe62fc2bb8e211e7f3de98122e707b0a3', 'joshuajohnson@example.com', 'BO', '2020-01-06'),
(23, 'jacobjackson', 'b71b361ef5bc37a9638e07ee27bc3c49f836c1f8d70134856dc46a21e0de14f5', 'wayne70@example.org', 'BH', '2025-02-20'),
(24, 'ogreen', '5e1121b2d6aebc526aeacbbd43c778e008ce23e6e4c1bf41a3fd033b64ff5b3b', 'amanda24@example.net', 'BR', '2021-09-14'),
(25, 'tyrone25', 'f85a21dc74ee78bfd316a6d66f2008a78ab68e3c05ca5af1cfb820b1d64c27e4', 'eatonaudrey@example.net', 'HO', '2024-01-30'),
(26, 'ernest60', '9b25becc36f8d51ff7cc68c91fa63a1c8a478116f9ec6ec913a01ebd7940854a', 'diana90@example.com', 'KY', '2021-02-19'),
(27, 'chris57', '10f58d47240710b97a37e43a491e7e92626b4bc3aae865baa5f8edd78677da9e', 'robinjohnson@example.org', 'GH', '2024-09-08'),
(28, 'uroberts', '6cd29891bbf4683de07886b3db96f0be9075907bca07ca68699f6e913e4b95d9', 'farleyann@example.com', 'MB', '2022-09-17'),
(29, 'lwebb', '5d49889b9940689e766db54cd6cb5afe7d862b3e5906a65d6858a9c43ac5eb66', 'andrewsmith@example.org', 'BU', '2021-11-03'),
(30, 'alison12', '6d3bb13e3704691eda9edbe499f2af70d6ffcdf8a755b2e86afeec783c3f7c29', 'areyes@example.net', 'MB', '2020-04-07'),
(31, 'devingibson', '63c0b41a80c7ce2db27af2d0da7a0f5b00cf60e3fb0e57f24f0a2693d10f1ba7', 'anthonyliu@example.net', 'KY', '2020-12-08'),
(32, 'astephenson', 'a0199c9cf54db2d158f24942ed7bd31455534930b975fa5b8944ba87a4a039df', 'hooverdaniel@example.com', 'SO', '2022-01-27'),
(33, 'dburns', 'fab37db6f1423ff25d397662b6ad927dccd8e3babd4f536cb2bc88fb620c0385', 'mgarcia@example.com', 'BO', '2025-02-18'),
(34, 'pattonharold', '43c89e5c5fc5e083f7b789535b2698649e804c42e622656c81f8ac4a36400534', 'karen55@example.org', 'EQ', '2022-09-17'),
(35, 'leslie09', 'fbbbf535071db4076f937ef04e915c9617a178c20884f8f5923b54880bdec5eb', 'higginsjustin@example.org', 'FS', '2025-03-20'),
(36, 'ehamilton', '766343ba14912fb1f442e30c5fde85bc09d8e259b4dfc5eec39bf0aa5d78e35e', 'robertvillarreal@example.com', 'BA', '2020-04-23'),
(37, 'ufisher', 'b0e3a7c8b1b0cf82777c867a8d01d56e9a950a70ecd34ae09fd1cdcc6ca9b9fe', 'johnny90@example.net', 'UO', '2025-04-13'),
(38, 'alexis54', 'def5eb4189cbc8e7bc05f56498aee7fca563a301769b2c18d35685c071d82ddb', 'john81@example.net', 'BB', '2021-05-23'),
(39, 'morganmarcus', '0d55d2934cafe37559ebea49317cb25011ae39a93df28dd9f318c69e386299fd', 'danielgalloway@example.org', 'HO', '2025-10-17'),
(40, 'rickyreese', 'cc5740056785f7992499fac636459665a2818f6bc48f4a15100b0e50e14e737c', 'matthew53@example.com', 'GU', '2019-12-08'),
(41, 'barnesfrank', '04d5771d57f177cd59736382d03ddef71232074a3f880e8843743a6dd1339b63', 'alexandrachandler@example.com', 'UO', '2022-09-15'),
(42, 'cookedavid', 'fa1c03689a5b406e921a1d5f105b4817afdcc7241078a413fff770099646daed', 'estokes@example.com', 'AR', '2022-02-13'),
(43, 'mary24', '4562bb728da76fec7675920bfff5b5d06f6d0c85ff10f1cd0268ee765d612a52', 'allisoncatherine@example.net', 'MB', '2021-08-27'),
(44, 'reneecardenas', '85b1fd5b4af38883973bb3e4e9f55f49488e3a089f730e4e133c54b09318c217', 'ralphwilliams@example.org', 'SO', '2023-07-15'),
(45, 'estradasheryl', '3f75916bc7a67f3ce79a9a4cf9874988cd5e7a1e3ed469101951161b53b568e3', 'tammynelson@example.net', 'FA', '2020-06-27'),
(46, 'miranda24', '8e38d08579c737aebd2436293e3f3fd2a2273e24105eb55f657c34858896ebc7', 'cristianbrady@example.com', 'BA', '2020-02-05'),
(47, 'christopher08', '8c85c93808ea05a15fa1ddde65f68cd3e0897df7431f235415afb965fcddadcd', 'zmckay@example.net', 'SW', '2024-06-29'),
(48, 'gallagherstephen', 'd9aa079492af3dfa22934da6293265bd09adb7b4e52d33b97dc52abc64c124ac', 'jenniferhoward@example.com', 'GH', '2024-05-08'),
(49, 'bushtammy', 'f61851086156275af7b2039db62cad0bdb49f3e2082715dcd69cc095a90a8fad', 'james43@example.net', 'GU', '2020-01-05'),
(50, 'patrick06', 'efda365533bca6c51121e9f4cfe8c27a4d603b6d7ab8e71b8d453e2a739e1876', 'gloverstephanie@example.com', 'FA', '2024-10-06'),
(51, 'crystal33', '410bac0d65453bd75cc88c239f63a9b750b8081c070863af0abc4e6299c6c1d7', 'lwilliams@example.com', 'DO', '2021-07-29'),
(52, 'lisacrawford', '235a26a143d113e472b90106e3f7300f35ac1a4ccd51630056bbecc059c20007', 'murillodawn@example.net', 'UN', '2020-09-02'),
(53, 'murphyalexander', '32c71b37b55702214dbe71c37da4357622fdacb47624c31ac38169113926ed51', 'hoovertheresa@example.net', 'LA', '2022-08-06'),
(54, 'melissayoung', '680e5577f43c33f00804dc1d6b428fe66d92ccca8d6008e9b732cf8d892f90d6', 'lauren78@example.net', 'DO', '2021-10-30'),
(55, 'dawn69', 'cf08b00598cdd32b96555c27ee718c7b7c6f7651d390fc98ec32a128128f5455', 'rubenperez@example.net', 'DE', '2022-04-12'),
(56, 'umiles', '8a1f56126f265a1853206f88d668a5517ca62aa0c3224e7a0f6266fb354f9a42', 'sware@example.org', 'BB', '2022-04-25'),
(57, 'reidstacy', 'd93627906ea2e0d808fb846c2240e2e8e726bc430a23490ee97dc09ab8ee16f0', 'jcurry@example.net', 'DE', '2020-05-05'),
(58, 'jasmineparrish', '1eb95343ced90f1cf689be8d8070624a5417f0a488d1aabe142da8b8a088749e', 'ashleyberry@example.com', 'BR', '2025-06-16'),
(59, 'qharper', 'aadc83e3fbd218e2de59fc4b671b34a2822787ae99bac74ad52df0f9914c5199', 'holdendaniel@example.org', 'BA', '2024-03-30'),
(60, 'martincharles', '43813299fe151fcb310317d5b44763782c094c7b9c05c9dde59762ccd279d45c', 'barbara98@example.net', 'UO', '2021-12-14'),
(61, 'richardsoncynthia', 'bb60bdf21e9666d731011d5790884e44609351c65a3c558de0f0857c23634512', 'dfrazier@example.com', 'SL', '2021-06-02'),
(62, 'erin04', 'bfb5dc9d1c8466ec6f18d40b2c7de528cc66b90ce69aa6d1c4e69760cc5a6d9c', 'patrick59@example.com', 'UZ', '2024-11-24'),
(63, 'jenniferrogers', '7163a114477298cd38c6015504862c2f0773a5476df26b0504d3fdb981e7f00b', 'dlopez@example.com', 'EQ', '2025-05-18'),
(64, 'theresabriggs', '52877c046993a0ea4b364935aeb22b01ef21d6f2bfbe3ddc68bd9797f4ef6bda', 'brewermelissa@example.net', 'KY', '2023-11-25'),
(65, 'nsmith', '8c1fd6db28a1400d0de45d14d9f84aace75d423dfe9e1b324175372d5ff65b24', 'travissmith@example.org', 'DO', '2025-06-17'),
(66, 'jessicahicks', '8a3d6afbcf6b92d4876f4582ff0bf7e4522f58ba5117aada6ab2d8b9113368af', 'gregorymarquez@example.net', 'NE', '2025-04-16'),
(67, 'kpadilla', 'ec35ba4ae82f875807ad6cfb9b095bfc9b10fd3932ebb66665259f4c27f97f37', 'schmittlaurie@example.net', 'LA', '2022-05-14'),
(68, 'jeffrey22', 'c8087fdc92ac02aa7e70331843dc163e7922cf67e214c6cb4a24d636713167fc', 'smccann@example.org', 'UN', '2023-10-19'),
(69, 'mcneilmary', '704b60395f78b8f8ed7c77a61776092ccb19132c78463de8050f6d631543de68', 'josecastillo@example.com', 'KY', '2021-11-05'),
(70, 'deborah39', 'd5a8a34dd73ebb3ab24efa94e747f5c439d4c957f7b252ef03a61bdef686b4a9', 'ryoung@example.com', 'FR', '2023-07-02'),
(71, 'sheaanna', '36b716cb2ae9cba19f54ea6ed6775e18c3b9de97e7935161743048b8232fda2c', 'speters@example.com', 'SP', '2020-06-27'),
(72, 'mrivera', 'c5c0e480cca100cde075807f30485738c6bdc22a13f61b0edf27dc6aca1390de', 'sharon17@example.org', 'BU', '2024-07-23'),
(73, 'bcook', '6b6ceafc22705d93162f6cb2ec1bfef75022b6fb16915113b5954f561b561b22', 'ashley72@example.com', 'BR', '2022-10-02'),
(74, 'hubercharles', '70c941f8989182feaabe27601924747294ca68e95d12a6ce8edce8ddf3589bbd', 'lhunt@example.com', 'PA', '2024-07-24'),
(75, 'christophereverett', '8798f660f030f76ed2462d9589cd098f4edf87599304f70fb9645b75f4e73e04', 'ygriffin@example.org', 'BB', '2021-10-25'),
(76, 'morrisonandrea', '7c7e9f0bd5df944e196de0c920cb8d08aa3e98f8d80fc1e5aa26b6e663640786', 'jessehill@example.org', 'DE', '2023-03-22'),
(77, 'moorepaul', '883e955de4a8299bfe9039dfff98f4e0a288f84b97d6d92e08a2a056dbc8ca78', 'sarahbennett@example.org', 'FS', '2024-02-17'),
(78, 'lisamiller', '50f8a457c33e073f20539b461abb6fcd15b2a370fba4104edeba2898ad4b9f48', 'danielmiller@example.com', 'GH', '2025-09-15'),
(79, 'renee02', '4160a569c0cd0b77691f248a305d3d4a40bb2d6606d4bc594d0b9ad20875eb77', 'mary24@example.org', 'MB', '2024-08-26'),
(80, 'joshua62', '0c2b927074fb0e213b666fcc5f7b5524b6c3d3b15d24be934cc12bb0968ef9c2', 'dalefarley@example.org', 'UN', '2020-05-25'),
(81, 'madelineandrews', '30ffcd72717a97112a5a928c1ed6021e9e244b346f9de30c264b5b2010acc495', 'lopezwilliam@example.com', 'SL', '2021-03-13'),
(82, 'christina56', 'bd1fd655990ec77be19953874b29c3ad1d11c5004e154df8de7d9f803b7eb822', 'tanyabarrera@example.org', 'FI', '2022-04-17'),
(83, 'jacobsrobert', 'a1d3fc8850d5d72d9258dc04c8ed1463c0b2701f24aca0ba6512d480167b9607', 'andreahenry@example.org', 'BO', '2020-07-12'),
(84, 'sullivantimothy', '1fcec2fe0199c1922b7c11d37eba78d7879adff8c34f4113b26fd087e906d66d', 'andrea23@example.net', 'GU', '2020-04-29'),
(85, 'pcruz', '1473b240e892df909e0606ffda7455f1c4f54a8431a1f3c4515a786bb9af4f5f', 'qadams@example.com', 'FR', '2021-03-20'),
(86, 'suzanne05', '46837d18ba729fb0f3696e675bc24be654fe6245a707d0546130446260a8eca0', 'michellewhitehead@example.net', 'UN', '2025-01-08'),
(87, 'rschultz', '3dfd18a67a014a90cb0d0940229dd254b251112f0c0fa2c9e93860d0fbf98869', 'cynthiawilson@example.org', 'BB', '2024-10-30'),
(88, 'jjackson', 'ebd4da4125674a30147fede870fd6aa0823e0f76da05ae1f4d3cef6ea5a563cc', 'fordterri@example.org', 'BO', '2024-05-20'),
(89, 'nicolerichmond', '1214061f3e04e21093557f2c796d2796a209fd25d7512c533e8a4da65e8a0ebb', 'michelerichards@example.net', 'BB', '2020-04-03'),
(90, 'pamelabarber', '5691c5d674c5e70427350d99327a4930ab22e5f763d87cc27968989d7a10abbe', 'alexander49@example.org', 'DO', '2020-10-12'),
(91, 'matthewle', '1ff1aa671147de2a51436cd1cc0d844f2feb69943d3f61a3b90dc5d153fd89c6', 'david45@example.com', 'LA', '2025-03-20'),
(92, 'qdavis', '6eb7daa22f72f667733864ec31f1915952edc90c36216b77c979c0b76bc9e0e8', 'ahughes@example.com', 'BA', '2025-08-09'),
(93, 'perezheather', '4984e698590724e74d6a1fa1510f102f5708fff42cbe53ad5508b0f0021e791c', 'kgreene@example.com', 'EQ', '2024-11-25'),
(94, 'melissa80', 'a5247f7cae93dde6c068f959aa95f1795d081467b45791df11dedbc76180cd69', 'cestes@example.com', 'BU', '2022-12-08'),
(95, 'millerkimberly', '1ef0ca54aef659ada2c74bb9fa7ac846ceca051d9f933f772e6ec0a7f10e684c', 'briannaduran@example.org', 'SP', '2023-12-15'),
(96, 'dunndavid', '033062020c71c4c81b4424fcbdd79ee0b64ad357a3cb2885c5ff6dfd385cd4df', 'joshua61@example.org', 'DE', '2023-08-06'),
(97, 'andrewburke', '0dc1f7e8a1388a72a35e1d24828fb6596dab6bce49f0fb0808f927cc269da855', 'ppope@example.org', 'AR', '2021-08-02'),
(98, 'sponce', 'b541d8535b6c6d2356768986788c0a77f9152f761939a0dfca5d277c576547f0', 'jessicasweeney@example.net', 'DE', '2023-06-23'),
(99, 'nicholas81', 'c1b64dd4b7e0fa4f693b86815f300cfdc2ae9e4acfc1d88ad3aa44bae38b1c9d', 'matthewgallagher@example.net', 'DE', '2020-05-14'),
(100, 'jessicalucas', '0ece69bfa6cab4748e073c0f39c095c44dcbe93cf0afe71881d37ff54ec5f403', 'walkerluke@example.org', 'GH', '2020-06-26'),
(101, 'drandall', '999aefc432187896fc1c835f5937e08db18efeb183a52daffc6c0e0e454d8c01', 'wjohnson@example.com', 'FI', '2021-07-20'),
(102, 'imercer', '29ce7b4b9d5856bb8abed28b341a4fe079e63937c14907f3022125945862f59e', 'dcrawford@example.org', 'BA', '2023-07-05'),
(103, 'aadams', '29613251b388b6d41dcd3bae5eeea90ae6200980b76654eb8b6fd514ecc43e34', 'timothycarter@example.net', 'MB', '2021-01-14'),
(104, 'michaelbarr', '58a228fafff8de75640fe561919d5f139b55af6325144537b8412ae8046d59e6', 'keith40@example.com', 'NE', '2024-05-16'),
(105, 'brownanne', '3d9e7871b1eea9c31a3ad423c0a5a8f89f357d7917c4137927e3bd912310bc38', 'turnerkimberly@example.com', 'FI', '2020-01-22'),
(106, 'klawson', '4548cf3ef84a306e7a020238103ebea32df982ed0afaa7c3bfd483dea8f04730', 'lpeterson@example.com', 'BU', '2024-09-30'),
(107, 'zcarlson', 'fbd8b5eac7bdfcc5cdbe82b4bc55663e12df4380a99c6228dc6472df3d2e0b92', 'christophermcintosh@example.com', 'UN', '2023-09-17'),
(108, 'jessica11', 'd4d401e7a14c351965b22ba0eeb87f3803f0721d9988eda8237eb4cf543b0375', 'shawpatrick@example.org', 'BR', '2025-05-27'),
(109, 'lee93', 'a4c6374926a81546e261632f348487ef02326b7c6d2f3eaf8157b7381b74cd62', 'rosegary@example.org', 'BU', '2025-10-11'),
(110, 'joanna75', 'c2cd5624e8196afc47c914a74a05718129b5abdac4302541f4714da67491b291', 'johnsonmatthew@example.org', 'AR', '2021-04-07'),
(111, 'brucecollins', '0971dafa5aad116aec27539e2fee34171653e817cca579a79116e2062cbd0770', 'davisdeanna@example.com', 'KY', '2025-06-02'),
(112, 'masseyteresa', '309288db2a0eb0f06097da6b2c17e3bd944e32d8e2b8884c05bdc5bf902b72ba', 'hwallace@example.net', 'UZ', '2023-07-10'),
(113, 'estevens', '867dab35f94315dba08f5889b3704e385fd0024e01bcfdef63f3fd1ade291238', 'tinatorres@example.net', 'BO', '2024-11-24'),
(114, 'bcoleman', '521b9d0224acb13272899d74dac4709fd2a4e172796ab0b136920353db5e70a0', 'ewilliams@example.org', 'AR', '2023-05-05'),
(115, 'george98', '98fd153efe410b3ecb1cc6dd134311b7d82e8fea69bcfa975ae885b1474d9c12', 'kenneth96@example.org', 'EQ', '2020-12-25'),
(116, 'jacqueline81', '14c9bf49c8a8dd3803493a51e562da459b03d50022641143e6a9c6cb467aff4b', 'melendezbruce@example.com', 'LA', '2024-11-07'),
(117, 'joseph66', '00e66fa7d89d7023230582b0e5330181ac0aa531f577c597107014eb106e7d8a', 'carmen36@example.net', 'BA', '2021-08-18'),
(118, 'ronald67', 'abb96b32be75df0486aad8da442e5d02a0c6b1ba69ecbd82b9751785cff8116b', 'rickybautista@example.com', 'NE', '2019-12-19'),
(119, 'richard92', '22fc809fe7cb732ba1e17975494e15ce7f4d57635cd4c55c4d8accd5255d6b5a', 'elizabethgonzalez@example.net', 'BU', '2021-05-31'),
(120, 'austinsnow', '65aab5a363de39a0ab7022ae8d08e6ab88a2ff746fdb629545c183ce0151455d', 'tony84@example.com', 'MB', '2023-06-21'),
(121, 'zallen', 'e835121a37be6db0606d901732a40875b0db56f614147265cdfb5bddc812ab58', 'hamiltonchad@example.net', 'KY', '2024-02-05'),
(122, 'lisavincent', 'c3c2cdadfbfc39f3af9f9d2da91f2b096ded9b28253c9cc4139c3de0ed73aedf', 'thomaswatson@example.net', 'BO', '2020-03-28'),
(123, 'burkeerik', '15eee25fb638eae4154a1526018a269e6f1243b4c0b1ec532eb6b2b33369c350', 'andersondaniel@example.org', 'FI', '2021-05-22'),
(124, 'cynthiawebster', 'faa60b091a1171e08a97f4eeba0d3cd809226e0a5b712f9ac232b0fa934b4809', 'mckinneyjoyce@example.com', 'FA', '2023-06-29'),
(125, 'tjackson', 'cb67510c02fe5b16a21338a814edeadf3b8700b272f8123a5966ad1252a2d412', 'dunncolleen@example.com', 'SP', '2024-04-01'),
(126, 'nmullen', 'f89b88c96c6ec6fa55f4d3b22b2d3c70d132f045f8ca406f9a2b94945305cd23', 'joel76@example.net', 'GU', '2020-07-12'),
(127, 'daviskristina', '6489abb67fe5c12c950a6c1b147d36d7e05dfa9f879ceafd943003f7aac5ddce', 'paul50@example.net', 'GU', '2022-05-19'),
(128, 'david22', 'de8414d7700db71c2fad7c2868b1a748531fe7ef9418e94ba59423963033f404', 'uoliver@example.org', 'SL', '2025-05-02'),
(129, 'amandasmith', '927813178bc3e84da73d530a28a02fbc815d1772bbeb24f59618fd83a974e77b', 'ggardner@example.org', 'BO', '2024-01-13'),
(130, 'buchanantiffany', '712214fe4177a83dbb1f56330b8a0dcc8866cba7e8c80d27a2fb1f247565b28c', 'alexandrawilliams@example.net', 'SP', '2024-08-10'),
(131, 'oanderson', '51106c2b1b8c1482d8c1cf2594814fba522f02e4a1a8a85556bae5c37730220a', 'cynthia58@example.com', 'SL', '2021-06-16'),
(132, 'brucegomez', '012e9b96d75601a98010789b738dca223f55931b9e59cf6c841ffa2ade8fd869', 'efry@example.com', 'UO', '2024-06-05'),
(133, 'chad25', '891146d2c2c2be0c3fab9016d3a5ff8dc5ead542d0b9fa90b035f5ad79b35558', 'lwarren@example.org', 'FA', '2023-03-12'),
(134, 'dawn38', '61c8ae002c7315559d657d79c50cb3d81a524f28741f5a125280c0c7e17e98cc', 'brownmegan@example.net', 'LA', '2020-05-01'),
(135, 'pestrada', '1fd7f7c580068d562daee97fd0e9b5ad9e668735f40247749aadfab8aed447c7', 'duncandiana@example.org', 'BA', '2024-05-09'),
(136, 'stevensonlisa', 'd79440d4281076e4ed32e5b740d7be08cbe715d067f3a7087512b2ea3c03f227', 'gonzalespeggy@example.org', 'UN', '2022-11-09'),
(137, 'patricia51', 'df4cbd1f541bf2162fcc3308b9344d15754e9fa045bbc1580b4a1f2fd2ccb928', 'davidmcclure@example.org', 'GH', '2022-01-19'),
(138, 'erin30', '8aa16114a2d42d1776f9a608b065f1b1ca1f85e6313165d5e4b3bb38bc914e4d', 'vhernandez@example.org', 'NE', '2023-11-13'),
(139, 'nmathews', '2fa335a742ff5b834cfff94dac9654d9e675f7234cbad14d0114f0d94ab844ab', 'sheltonmichael@example.org', 'FS', '2022-09-21'),
(140, 'lauraschmitt', '69158053fe87636de277ea2d1645a49f1a0b3db68af9aed4e7154105871b394a', 'lchapman@example.org', 'PA', '2024-01-02'),
(141, 'benjaminorr', '655160b398abed3d7e134b6ba867db45771c13df57ed95e96aeba387c244c30e', 'jim34@example.net', 'MB', '2020-06-05'),
(142, 'patricia54', 'ee8b008ba6d461121a213b71ad393edac7e1bd4301b1aa4e59d0cfbefa3e9dc9', 'mcrawford@example.com', 'FA', '2020-02-17'),
(143, 'dbrooks', '340e7061c99f59274a81c1a0de1bfe44538292264fdf304b97978d8b5d7af833', 'james28@example.org', 'GH', '2020-07-15'),
(144, 'adriana11', '697c46d2ba4978e3af0ea9380f90564e033bffd369a99bdda8c407b7abe5d2c5', 'jordandodson@example.com', 'BU', '2025-01-18'),
(145, 'osimmons', '65e9d9b66ba35e73f8902bfacd4cd804a21865769ea9aebbc7cff75fe24a92e6', 'ruthtaylor@example.com', 'MA', '2025-08-10'),
(146, 'christophercox', '4b02caab3ffa9e4b1d2bcc17d4ba60dbdebcd660cbc7701b7b3a8f66b610cfc5', 'ronaldestrada@example.com', 'LA', '2023-11-13'),
(147, 'johnbradford', 'b10b2dd1a9495bb6cc8371ee099f3ec0e6a900f6807a2bb8a482b642ebff1b58', 'stevenscorey@example.com', 'PA', '2020-02-23'),
(148, 'chavezrachel', 'a36c14a2d7cef0c92d0042fb85da7eb881628be3206c9988399bbbde43714941', 'nashanne@example.net', 'NE', '2023-10-20'),
(149, 'alexis90', 'a9520587584b4b4fbea105c5e5e3af1d354e9b0c973d45e105389b33c85093d4', 'wongstephanie@example.com', 'BU', '2021-10-11'),
(150, 'sallen', '45cb9d3d579d032f4b35ca71cd6c04708df80ac71eab4d25432ddf6d45279d3c', 'frankjones@example.net', 'EQ', '2021-07-01'),
(151, 'rebecca13', '3235f8afae6922e109c5a41cb853d29776daa737950cab4f7b83aadca98d91d7', 'lawrence63@example.net', 'SW', '2023-12-25'),
(152, 'rachael39', 'b0749abf569f1b4fcbe0278c9b7559f55c1e71ae562a8f9187607a43986cc56b', 'anthonyrivers@example.com', 'BA', '2022-09-10'),
(153, 'trevormcbride', '751864eb6f6e3bd23dd85cd156457f714c78132ea7105732eb6c79ab88e86d19', 'andrew95@example.net', 'SW', '2024-11-12'),
(154, 'ehawkins', 'ae0efbb6877980b0071f5aeeae7abeefca555d4b043514264b53b1bda216d80a', 'jonathanharris@example.net', 'BO', '2020-03-28'),
(155, 'michaelgomez', '2c86b8f704f76305c00dc9c9f29559e00b16679af0b00df0e4002990f9025869', 'brookegonzalez@example.com', 'UZ', '2021-09-12'),
(156, 'jonesdavid', '5c1f57f9e6792ed53c12530233a39701353b0255c0e96cb4e8577a6a88264cfc', 'cfriedman@example.com', 'KY', '2020-12-24'),
(157, 'ehughes', '39fb8b4532e2c3078ae830acbf1cb07db1aabfca26af04c4d5e948ac5e808dcf', 'dsmith@example.net', 'KY', '2020-06-27'),
(158, 'morrisdevin', '917e22a0ea6308ba077252f5139105cfcc225f8cf90f8c83b86b2f92034f8dd1', 'xschwartz@example.com', 'BA', '2025-05-29'),
(159, 'petersontammy', '1f6ac731441e2bbd7dc94b96b77c2fb0b24103a1f9816f06bb0ae127e38fe89d', 'jacob85@example.com', 'UZ', '2023-08-09'),
(160, 'ocox', 'c3429fee0df21e08e2eedbd2ddfccbb17d60afbead634dc7ee9b9097f06ae78e', 'nicholasmendez@example.net', 'FS', '2025-07-05'),
(161, 'ddaniels', '170f5679654e782d89603f8a375dbce9d2773d579f0fd04a0848ab0eb63676f8', 'marquezaaron@example.com', 'SO', '2025-07-01'),
(162, 'vgreen', 'bc8e1174453dcefbe5121d438de2ae55c12193b7d041c68029c6b385432cb3c2', 'rchurch@example.net', 'PA', '2020-06-08'),
(163, 'sthomas', 'cd0fcd0e4f4463f7b8c539452c903d81cf49eb70000dd11c622beee281dd6174', 'alexanderjohnson@example.org', 'FS', '2020-01-05'),
(164, 'virginia75', '20a8bbcdc9120042ce46dacd18c859911b6222ea730a882ce40c90d31a2aadc3', 'upotter@example.org', 'LA', '2021-09-18'),
(165, 'conleykimberly', '196e91567e513fdf1639fe4281308d24a868ca0ce4bba7500a5c46d99730b0a3', 'dmarsh@example.org', 'DE', '2020-05-04'),
(166, 'wyattamber', '39bde62da2996b2fb4623a184ebf57fd663f0e732c5883ba15b7fd792cccbc20', 'acostabrooke@example.com', 'BO', '2024-01-27'),
(167, 'jeffery05', 'c37c3ab6212496324bbc88bc62e71ef93f89ee7974fbc4e3fe00bd722e38f120', 'tcruz@example.net', 'SW', '2024-02-08'),
(168, 'michael83', '1c6f02b9cf6b77e74ab66c3661a4339e52c926c18ac1c522a788a2a3d48a427e', 'fwatkins@example.net', 'BH', '2022-10-14'),
(169, 'khanjoshua', 'fde048cedf1ac2ae076e29eae6a3e4cffba8fa913716ef3bf311f6292c4c2258', 'kathrynboyd@example.net', 'MA', '2021-07-03'),
(170, 'christopher63', 'd31fb88655dd744ee76e58d10b8cecb6ed05302f5db7a70e5e5543ae8e4b3925', 'steven85@example.com', 'UN', '2020-09-30'),
(171, 'carterkurt', '38257e9660e299d2198033f561e6eab6ac009f748a628b39e3ecb5e157e8b9e4', 'alexandria88@example.com', 'GU', '2019-12-07'),
(172, 'travis73', '6949c856cbfe8c4a4257dfeea4c43405b66c253a1e5a3fbf40f62efad3436db0', 'jamessmith@example.com', 'SL', '2020-11-23'),
(173, 'eric15', 'c6ba2ed0f39f40904a7956b197ea238963bbf3ebf783864d09b99d131de0f5f4', 'brownbrandi@example.net', 'BB', '2024-11-06'),
(174, 'nataliegordon', '1b491e68d8307530913c9bb973e546bf86659fb16b6904fdff4f38375f5bbd25', 'joel90@example.net', 'DO', '2024-06-28'),
(175, 'steven46', 'ca567415c1493ae6f9b05be527a663522b343ab66040605121544d97b7056d9b', 'nperez@example.org', 'SW', '2025-01-17'),
(176, 'josephwaller', '0b56d39c76ae9e1548bba3fcb8cec45085cfdc6cadeb34c6f4cfff424d2c9bb2', 'lmiller@example.org', 'BU', '2021-10-24'),
(177, 'kendra20', 'a8d855439555531b126c40257dccf50af045878ef367fc8602b82d8433414aa1', 'qrichards@example.net', 'AR', '2025-05-30'),
(178, 'xburch', 'cc641f2d6249e5ca14fc0a4ee3740c65e9733cf004ce4b39d84ced93a7d05d44', 'hhurley@example.net', 'UO', '2020-02-21'),
(179, 'hugheserica', 'fa4442b5d590189424340b0de18053bebb36883dfd7c92fd03d0b0510c0f18ff', 'tracey09@example.org', 'FI', '2021-01-05'),
(180, 'chelseareed', '25b9e901cb1e58aa4a158ca035bf2e13e516106a59f0c8851239b861aa0e3b6f', 'stephaniewiggins@example.net', 'SO', '2024-09-21'),
(181, 'shortkathy', '5113df239c78e4ab70be9948cc187aebb260336f9257e3493d06187220cf5923', 'stephenelliott@example.org', 'BR', '2024-10-02'),
(182, 'april65', '6d7bc625488d402a1f237b09977b4cfa0d6b74b0a7305289f5a80249e33fc674', 'scott37@example.com', 'UN', '2024-09-23'),
(183, 'heather17', 'd6c1df26b85e98f4dfab437c3616c708e799dce59ff84306ff408e877f69ca3f', 'qherrera@example.com', 'LA', '2024-05-27'),
(184, 'smorgan', '3dc134b0d7bc252c762710cfd59401ab91c83f0640bba2542a189f0a47f0b66c', 'millerlindsay@example.com', 'LA', '2024-08-20'),
(185, 'james94', '0d45c114cd53ca431ebf66345d4f329895442ce40a696124b4e5dd0c48cc3ec5', 'gcarr@example.org', 'BR', '2022-08-16'),
(186, 'robinsonkimberly', 'f1bb36edb7775a113eec11a5c7a4b8458b548fe1a2cd658511a22543c6b559cc', 'robert32@example.com', 'EQ', '2020-11-02'),
(187, 'salinasann', 'f76e9025c2a02b179fbec99ab5ae16314e159676767807f466ee5009b95ea461', 'fordjessica@example.net', 'BH', '2023-06-14'),
(188, 'bakeralisha', 'f398bc369cf0ee6642c3da9fd32e1675b3354bce4cc0201d0f8c09c655649e14', 'zmiller@example.net', 'BA', '2024-01-27'),
(189, 'kwilliams', 'c159452cb537b2978fabbbc19f3910da9e4aac9e668ab2e64c0e06c015b1e41b', 'tboyd@example.com', 'KY', '2023-11-27'),
(190, 'penningtontimothy', 'ba1de262b82d477e9d28d7c5b072fbd842e2ceae1010c4a67f3f87c7c3db640f', 'ipowell@example.org', 'BB', '2023-12-01'),
(191, 'dchen', '954d3757cab46b86ba580327473a654a699365eb1fa29c170bdb755398ec5389', 'randolphmark@example.com', 'HO', '2022-03-04'),
(192, 'mary20', '6d9d10626e498a5444f388e913a957435f9d82384f5ee1481551993b472dcfe1', 'johnsonmolly@example.net', 'FI', '2022-05-13'),
(193, 'alvarezangela', '64c16930c02090c2a08da7e50f5050d68470d6cda0466777b9109f6b889b8c7d', 'michelleturner@example.org', 'UZ', '2020-08-02'),
(194, 'zcollins', 'f62a9af718ce0987f60f7137f9abdeb6ac4f97c874a6b3d35544c9a9d375153c', 'bettyrodriguez@example.com', 'DO', '2021-06-24'),
(195, 'richard01', '21c89e7cd520eb69ba6d82892c7c340ef2335802be29feb0ca8fa06e318bd3df', 'suehorton@example.org', 'FI', '2021-06-13'),
(196, 'smithdonna', '9c2a85f9b8e8b3f7d03b859a2ca40a16d9ce8190437ee16e49ede0aac80fac2f', 'sara83@example.org', 'PA', '2024-07-15'),
(197, 'ojohnson', '061cc1ced1cca993787457f7abf4136de96ce786439811f933857dcbd769d702', 'lindsaynelson@example.net', 'KY', '2024-06-22'),
(198, 'juliamurray', 'e532dc5e84b3e52509f522fc2c979119616991e29158d92e36562303ceded630', 'rsharp@example.org', 'GU', '2023-09-14'),
(199, 'hartstephen', '373cb695d851080ffaaa9b0ce015ff6f3863deb5fe561afb483cbc5c07962315', 'ndennis@example.com', 'BA', '2025-08-02'),
(200, 'zhunt', '272008b52bfddac9b23e4c8d3fffceaaa2e9e81533a2b32cffa034d5c1eaae46', 'lisa85@example.org', 'GU', '2022-08-15');

-- --------------------------------------------------------

--
-- Struktura tabulky `playerstats`
--

CREATE TABLE `playerstats` (
  `id_player` int(11) NOT NULL,
  `id_mode` int(11) NOT NULL,
  `global_rank` int(11) DEFAULT NULL,
  `local_rank` int(11) DEFAULT NULL,
  `pp_total` float DEFAULT 0,
  `playcount` int(11) DEFAULT 0,
  `overall_accuracy` float DEFAULT 0
) ENGINE=InnoDB DEFAULT CHARSET=utf8 COLLATE=utf8_general_ci;

--
-- Vypisuji data pro tabulku `playerstats`
--

INSERT INTO `playerstats` (`id_player`, `id_mode`, `global_rank`, `local_rank`, `pp_total`, `playcount`, `overall_accuracy`) VALUES
(1, 1, 23687, 800, 7650.93, 4731, 30.95),
(1, 2, 35542, 4495, 6390.23, 1248, 98.28),
(1, 3, 7959, 28, 9535.86, 1081, 77.87),
(1, 4, 49706, 2213, 9651.44, 1857, 76.49),
(2, 1, 22121, 995, 5004.63, 8758, 46.53),
(2, 2, 8002, 3943, 6679.98, 4559, 78.55),
(2, 3, 23348, 754, 3532.4, 6355, 80.66),
(2, 4, 35738, 2051, 7253.15, 1415, 99.21),
(3, 1, 10636, 1195, 3421.01, 8553, 81.52),
(3, 2, 35050, 1591, 4786.9, 5757, 2.98),
(3, 3, 25512, 3543, 1035.69, 8395, 77.59),
(3, 4, 26376, 1740, 1675.23, 7920, 77.35),
(4, 1, 49004, 549, 9761.37, 3715, 83.45),
(4, 2, 32400, 4567, 7708.39, 6345, 32.22),
(4, 3, 24175, 1632, 8999.71, 596, 45.29),
(4, 4, 244, 4678, 3554.21, 6103, 64.87),
(5, 1, 27233, 61, 9695.84, 7593, 8.52),
(5, 2, 6290, 4872, 5205.14, 1908, 59.29),
(5, 3, 31027, 4050, 5535.85, 9037, 72.59),
(5, 4, 22329, 982, 6249.47, 532, 78.61),
(6, 1, 41818, 2598, 2460.38, 8799, 82.22),
(6, 2, 19232, 319, 8586.57, 899, 93.9),
(6, 3, 43570, 1122, 6959.07, 6219, 99.93),
(6, 4, 18394, 2785, 8497.37, 1218, 97.51),
(7, 1, 23842, 616, 4982.87, 4912, 40.69),
(7, 2, 1714, 2336, 3277.54, 1524, 86.95),
(7, 3, 34404, 4940, 5995.46, 1640, 36.25),
(7, 4, 6237, 2165, 7679.99, 5215, 88.84),
(8, 1, 11969, 4722, 2123.1, 1291, 23.15),
(8, 2, 18122, 2552, 8414.67, 9014, 75.48),
(8, 3, 5221, 4497, 9352.09, 8946, 29.72),
(8, 4, 36200, 2438, 1004.36, 6613, 75.23),
(9, 1, 2670, 2556, 9188.38, 6884, 9.3),
(9, 2, 21841, 2205, 7410.94, 2242, 6.87),
(9, 3, 38556, 33, 1068.29, 7814, 4.25),
(9, 4, 23667, 3326, 5419.64, 4330, 15.88),
(10, 1, 36779, 2029, 820.09, 2758, 18.51),
(10, 2, 37291, 851, 6308.39, 275, 47.03),
(10, 3, 47760, 1038, 1693.7, 8350, 23.86),
(10, 4, 26733, 44, 6814.11, 4477, 57.67),
(11, 1, 47832, 1537, 4926.53, 3897, 5.94),
(11, 2, 13829, 3183, 1924.72, 8647, 29.27),
(11, 3, 8927, 3314, 9737.21, 6742, 91.07),
(11, 4, 18853, 2207, 2490.31, 2042, 70.69),
(12, 1, 16712, 4959, 4976.77, 1877, 40.55),
(12, 2, 12529, 2073, 6913, 9447, 18.44),
(12, 3, 41997, 4754, 1199.77, 4076, 13.24),
(12, 4, 2635, 1892, 9981.45, 762, 73.13),
(13, 1, 44832, 3234, 1329.62, 3573, 27.65),
(13, 2, 7381, 4707, 28.18, 3443, 71.72),
(13, 3, 45628, 113, 4133.56, 5592, 20.63),
(13, 4, 9463, 1205, 7243.14, 2019, 86.88),
(14, 1, 21307, 3368, 3787.25, 8501, 68.03),
(14, 2, 29060, 1652, 8577.56, 2390, 20.68),
(14, 3, 23146, 1541, 8699.51, 3977, 48.99),
(14, 4, 17951, 3584, 489.33, 50, 43.33),
(15, 1, 10395, 504, 7813.93, 976, 74.83),
(15, 2, 34360, 2369, 2038.4, 1809, 88.13),
(15, 3, 9221, 2322, 2793.28, 6982, 76.91),
(15, 4, 31014, 4339, 652.95, 7445, 34.78),
(16, 1, 42222, 1838, 4493.43, 4515, 83.95),
(16, 2, 25599, 2209, 1604.58, 3613, 43.81),
(16, 3, 8749, 141, 7810.08, 7961, 38.46),
(16, 4, 36160, 4176, 6418.88, 2370, 10.98),
(17, 1, 47268, 3038, 5220.28, 1619, 27.18),
(17, 2, 43142, 4232, 7994.61, 6614, 2.03),
(17, 3, 37170, 878, 2412.26, 4633, 25.21),
(17, 4, 16011, 4555, 8558.5, 9411, 79.9),
(18, 1, 34729, 1499, 6275.19, 8656, 0.34),
(18, 2, 1283, 2682, 7684.93, 9074, 41.97),
(18, 3, 22368, 12, 4810.19, 3069, 10.85),
(18, 4, 20077, 3481, 2511.68, 4455, 58.62),
(19, 1, 41213, 3293, 6698.36, 9856, 56.52),
(19, 2, 23389, 788, 3799.22, 3215, 89.03),
(19, 3, 21281, 376, 8577.96, 5847, 47.14),
(19, 4, 15806, 4363, 3334.29, 3728, 43.08),
(20, 1, 36860, 135, 6897.29, 1690, 56.52),
(20, 2, 8979, 1895, 4107.35, 718, 20.5),
(20, 3, 27025, 4383, 9959.56, 1189, 10.26),
(20, 4, 35951, 3615, 7184.31, 3616, 73.8),
(21, 1, 14318, 3039, 968.56, 4201, 1.17),
(21, 2, 38503, 3352, 1202.77, 4594, 64.3),
(21, 3, 29481, 1713, 934.83, 3878, 61.18),
(21, 4, 6129, 2051, 7911, 8796, 74.64),
(22, 1, 49868, 1976, 441.71, 4539, 54.11),
(22, 2, 43077, 53, 9262.28, 8020, 81.71),
(22, 3, 14180, 3374, 8874.68, 1639, 8.87),
(22, 4, 38200, 1879, 9248.11, 4549, 0.01),
(23, 1, 45638, 2859, 9346.55, 7411, 55.63),
(23, 2, 10768, 221, 7389.01, 9366, 2.14),
(23, 3, 18040, 1578, 1720.68, 2571, 23.42),
(23, 4, 2963, 1470, 1958.56, 3425, 19.76),
(24, 1, 19334, 3776, 612.75, 7364, 22.56),
(24, 2, 8816, 258, 1178.76, 3345, 36.66),
(24, 3, 49584, 2455, 8347.46, 7074, 15.39),
(24, 4, 4147, 1304, 4737.3, 124, 17.14),
(25, 1, 2303, 4367, 1750.96, 6887, 10.85),
(25, 2, 10325, 1735, 732.13, 6800, 10.84),
(25, 3, 15025, 1362, 2661.4, 8523, 71.37),
(25, 4, 44378, 4349, 9499.67, 9694, 89.9),
(26, 1, 38380, 2704, 8863.88, 2578, 82.88),
(26, 2, 38947, 4366, 6605.17, 3532, 95.36),
(26, 3, 27846, 1411, 6109.49, 7292, 27.92),
(26, 4, 17055, 4967, 2141.47, 328, 19.63),
(27, 1, 19369, 3077, 7725.58, 7616, 92.72),
(27, 2, 38103, 945, 7966.02, 2077, 90.08),
(27, 3, 15057, 4371, 9495.63, 1854, 56.01),
(27, 4, 25861, 4757, 7124.49, 2215, 5.28),
(28, 1, 11783, 4416, 8757.99, 2071, 24.05),
(28, 2, 3327, 4165, 8583.03, 8907, 88.44),
(28, 3, 15827, 4416, 5522.77, 5556, 52.51),
(28, 4, 6131, 2128, 2611.4, 8993, 13.62),
(29, 1, 11686, 361, 4277.21, 3363, 13.97),
(29, 2, 14452, 733, 5179.55, 7247, 7.14),
(29, 3, 47247, 4479, 801.57, 5273, 46.09),
(29, 4, 44653, 2264, 9927.52, 5532, 3),
(30, 1, 756, 224, 7753.04, 396, 86.29),
(30, 2, 47389, 249, 836.34, 2702, 75.76),
(30, 3, 41750, 4800, 810.63, 3119, 48.08),
(30, 4, 6440, 3597, 7836.5, 8831, 64.75),
(31, 1, 3752, 4956, 258.41, 2453, 98.84),
(31, 2, 20503, 3106, 6721.79, 8257, 64.56),
(31, 3, 49318, 2394, 2608.04, 1393, 54.58),
(31, 4, 9696, 4919, 6681.44, 8847, 47.68),
(32, 1, 32188, 4279, 9102.54, 1255, 15.06),
(32, 2, 18939, 4108, 6216.55, 695, 31.41),
(32, 3, 30729, 331, 5071.44, 7656, 2.63),
(32, 4, 39270, 401, 27.96, 4280, 88.58),
(33, 1, 24766, 2830, 6366.68, 1453, 36.15),
(33, 2, 33810, 2254, 5300.35, 6638, 37.77),
(33, 3, 8058, 1932, 4129.72, 4414, 51.17),
(33, 4, 21080, 3028, 6613.24, 5999, 31.01),
(34, 1, 11157, 4726, 3753.26, 686, 55.25),
(34, 2, 2581, 3849, 530.37, 3406, 24.04),
(34, 3, 39460, 4574, 4600.24, 5817, 78.65),
(34, 4, 1114, 4308, 1847.66, 1057, 6.07),
(35, 1, 3080, 1003, 8652.51, 4142, 83.49),
(35, 2, 8144, 4554, 9152.35, 81, 26.16),
(35, 3, 48057, 2119, 9621.52, 2907, 54.75),
(35, 4, 31041, 4084, 8804.54, 4079, 51.57),
(36, 1, 24779, 1538, 5283.21, 1051, 39.97),
(36, 2, 15875, 1269, 6730, 2318, 69.66),
(36, 3, 40572, 2418, 7259.9, 8547, 57.14),
(36, 4, 43877, 2520, 4076.41, 2598, 2.07),
(37, 1, 27512, 1070, 3682.57, 8656, 43.09),
(37, 2, 6822, 2537, 9607.74, 4126, 8.22),
(37, 3, 2673, 3197, 2916.25, 6387, 15.67),
(37, 4, 49172, 3062, 7576.58, 693, 18.66),
(38, 1, 15013, 3024, 3399.31, 3063, 29.38),
(38, 2, 47792, 191, 6686.64, 7697, 37.73),
(38, 3, 26948, 2293, 8630.84, 8404, 57.57),
(38, 4, 34758, 4139, 9162.74, 368, 77.2),
(39, 1, 47893, 893, 3683.72, 9110, 69.74),
(39, 2, 33997, 1462, 8304.16, 4512, 33.16),
(39, 3, 8799, 3815, 6100.95, 1008, 67.37),
(39, 4, 22278, 308, 2896.96, 942, 99.31),
(40, 1, 19096, 1957, 2046.4, 3541, 20.89),
(40, 2, 23270, 1592, 8285.26, 4222, 58.71),
(40, 3, 46458, 1001, 3947.2, 3635, 80.67),
(40, 4, 6697, 738, 945.75, 9828, 45.47),
(41, 1, 30570, 1014, 5443.78, 9936, 97.56),
(41, 2, 15801, 4861, 914.19, 3243, 49.26),
(41, 3, 8829, 3318, 6440.28, 3698, 3.92),
(41, 4, 26651, 285, 7233.61, 1374, 91.81),
(42, 1, 40100, 4137, 4966.66, 5364, 99.14),
(42, 2, 6247, 3783, 9607.4, 6671, 77.89),
(42, 3, 47205, 4297, 8918.24, 174, 91.15),
(42, 4, 13678, 218, 9972.63, 481, 58.61),
(43, 1, 21928, 3400, 1120.15, 2095, 83.76),
(43, 2, 34333, 108, 2443.86, 6181, 33.39),
(43, 3, 41736, 4075, 2638.87, 4647, 82.3),
(43, 4, 39065, 981, 9603.69, 6807, 91.67),
(44, 1, 40702, 1751, 3917.61, 9990, 79.21),
(44, 2, 8777, 475, 762.52, 9890, 7.09),
(44, 3, 8073, 4309, 6392.88, 9421, 28.68),
(44, 4, 35339, 2395, 2258.44, 6504, 52.99),
(45, 1, 22476, 217, 5865.57, 6672, 19.47),
(45, 2, 47380, 1292, 9416, 9938, 60.2),
(45, 3, 9692, 603, 2401.42, 4505, 33.52),
(45, 4, 27412, 629, 922.25, 597, 69.54),
(46, 1, 47889, 2409, 1300.52, 8783, 40.72),
(46, 2, 48965, 352, 8295.83, 348, 77.8),
(46, 3, 22118, 1947, 4923.76, 6479, 42.87),
(46, 4, 48743, 380, 5193.39, 1572, 11.65),
(47, 1, 8441, 3495, 7803.07, 294, 93.88),
(47, 2, 12645, 454, 5202.57, 3328, 36.13),
(47, 3, 26073, 4977, 883.8, 446, 38.63),
(47, 4, 44887, 3733, 726.79, 3487, 9.99),
(48, 1, 11503, 1791, 2540.27, 5579, 35.58),
(48, 2, 28167, 4171, 5502.91, 7147, 57.2),
(48, 3, 31811, 3976, 4244.74, 9197, 64.42),
(48, 4, 9346, 1728, 9839.2, 4321, 29.04),
(49, 1, 2644, 949, 2421, 9085, 0.5),
(49, 2, 34591, 3666, 7802.43, 5613, 29.84),
(49, 3, 31254, 4508, 7366.58, 8660, 13.65),
(49, 4, 3023, 1737, 2337.47, 6132, 61.45),
(50, 1, 8136, 438, 1024.75, 6071, 45.15),
(50, 2, 45480, 148, 6056.82, 778, 50.74),
(50, 3, 36993, 4759, 7075.47, 4740, 28.58),
(50, 4, 11914, 130, 7146.53, 7423, 99.19),
(51, 1, 38201, 1357, 4028.55, 9795, 70.62),
(51, 2, 40880, 3447, 7666.28, 9383, 80.81),
(51, 3, 43043, 2429, 8302.82, 9906, 75.95),
(51, 4, 48892, 3738, 896.55, 8555, 29.55),
(52, 1, 35080, 3000, 5792.8, 9318, 24.82),
(52, 2, 21651, 4632, 1029.44, 348, 77.23),
(52, 3, 20290, 4666, 6187.84, 3185, 95.33),
(52, 4, 12477, 888, 1849.55, 3654, 29.44),
(53, 1, 9260, 3522, 4042.12, 9172, 96.06),
(53, 2, 3590, 3341, 6222.18, 376, 99),
(53, 3, 30998, 1270, 3979.94, 1928, 45.72),
(53, 4, 27375, 251, 6419.36, 2849, 74.93),
(54, 1, 20284, 4602, 9430.32, 3737, 52),
(54, 2, 14444, 2669, 6701.47, 9869, 90.79),
(54, 3, 42611, 1999, 8985.22, 8523, 13.85),
(54, 4, 36776, 144, 8359.71, 4664, 82.8),
(55, 1, 22590, 3339, 8872.83, 1930, 98.16),
(55, 2, 45557, 4639, 6100.07, 5592, 2.99),
(55, 3, 9650, 3328, 5905.12, 5877, 54.45),
(55, 4, 9609, 3557, 6609.19, 1531, 78.36),
(56, 1, 25064, 4694, 3782.96, 6667, 63.04),
(56, 2, 14198, 123, 5617.94, 6978, 9.83),
(56, 3, 44937, 1194, 7664.91, 8659, 31.37),
(56, 4, 22076, 985, 2519.31, 3146, 77.72),
(57, 1, 26128, 4436, 1489.52, 9627, 79.63),
(57, 2, 20365, 4170, 2719.01, 664, 85.46),
(57, 3, 10764, 3920, 7523.33, 16, 0.65),
(57, 4, 33679, 3558, 6003.92, 6378, 6.26),
(58, 1, 3615, 957, 8337.1, 6343, 50.39),
(58, 2, 4919, 666, 6683.15, 5486, 82.36),
(58, 3, 1671, 393, 9453.44, 6147, 52.78),
(58, 4, 40113, 2288, 801.04, 9937, 7.32),
(59, 1, 48348, 2633, 543.24, 6681, 77.37),
(59, 2, 41258, 4275, 1959, 9543, 94.94),
(59, 3, 42079, 3369, 6269.78, 824, 73),
(59, 4, 14452, 2293, 2701.22, 8114, 44.06),
(60, 1, 39246, 2307, 3907.38, 953, 71.43),
(60, 2, 29428, 1145, 7260.21, 6744, 67.14),
(60, 3, 39080, 1124, 3445.5, 9100, 79.87),
(60, 4, 48881, 4032, 7249.88, 7768, 92.28),
(61, 1, 3126, 1319, 5654.21, 9859, 6.68),
(61, 2, 17272, 187, 3972.79, 8584, 67.46),
(61, 3, 17223, 551, 9702.97, 3251, 20.27),
(61, 4, 15212, 731, 9372.42, 5147, 35.79),
(62, 1, 11223, 1660, 3447.41, 6575, 10.87),
(62, 2, 35697, 649, 4642.55, 3357, 84.95),
(62, 3, 10766, 833, 785.95, 2676, 0.05),
(62, 4, 7381, 1793, 7503.38, 3898, 82.52),
(63, 1, 43886, 2604, 1323.56, 8122, 54.61),
(63, 2, 22608, 3081, 1212.64, 3575, 44.75),
(63, 3, 43770, 4467, 2967.28, 4335, 59.26),
(63, 4, 47579, 1382, 8645.58, 5292, 4.78),
(64, 1, 25926, 2409, 5102.69, 1548, 43.12),
(64, 2, 18663, 434, 2365.08, 3356, 68.2),
(64, 3, 6660, 3264, 4703.98, 1774, 92.77),
(64, 4, 30357, 4094, 6672.76, 2790, 91.52),
(65, 1, 4927, 115, 8339.58, 1511, 87.82),
(65, 2, 38601, 4393, 8273.23, 1676, 62.83),
(65, 3, 17112, 4256, 9305.86, 6879, 17.16),
(65, 4, 35791, 2787, 7345.48, 8049, 78.44),
(66, 1, 45009, 4969, 4379.31, 6979, 86.66),
(66, 2, 15181, 4419, 2430.29, 1883, 84.81),
(66, 3, 11615, 4453, 6815.32, 5217, 40.84),
(66, 4, 22183, 1876, 5724.25, 7366, 95.98),
(67, 1, 1502, 4038, 7856.08, 9643, 54.46),
(67, 2, 41724, 3512, 4027.81, 1949, 45.36),
(67, 3, 45883, 501, 4026.59, 8134, 23.59),
(67, 4, 26548, 4246, 7798.86, 2400, 86.01),
(68, 1, 1014, 2991, 7645.36, 6162, 54.06),
(68, 2, 5529, 1401, 1804.49, 5722, 32.79),
(68, 3, 10435, 707, 9921.51, 5997, 1.48),
(68, 4, 21958, 4417, 9888.73, 1718, 68.67),
(69, 1, 26538, 4665, 1503.41, 1193, 52.28),
(69, 2, 11418, 596, 9817.02, 2273, 32.74),
(69, 3, 26079, 3742, 7549.63, 646, 55.75),
(69, 4, 35014, 2200, 2352.19, 9977, 54.19),
(70, 1, 35831, 133, 9530.87, 2078, 89.22),
(70, 2, 2477, 2711, 7983.85, 9915, 69.18),
(70, 3, 15061, 4443, 4331.51, 9801, 71.68),
(70, 4, 16435, 4157, 9690.66, 2129, 29.81),
(71, 1, 39689, 2767, 8461.36, 9989, 51.22),
(71, 2, 41256, 541, 6472.71, 4645, 34.68),
(71, 3, 41030, 4471, 5075.35, 586, 69.53),
(71, 4, 28928, 751, 3569.38, 2933, 23.53),
(72, 1, 35650, 3291, 4475.79, 7825, 19.6),
(72, 2, 43040, 1530, 262.18, 7405, 27.49),
(72, 3, 5112, 521, 7194.09, 7559, 49.49),
(72, 4, 34879, 4035, 3844.74, 2456, 85.7),
(73, 1, 37657, 3576, 5058.05, 2521, 83.7),
(73, 2, 8487, 2623, 5161.17, 3213, 49.39),
(73, 3, 49137, 313, 7905.28, 8718, 31.83),
(73, 4, 34367, 6, 3985.94, 3051, 68.23),
(74, 1, 15564, 3021, 518.72, 4412, 88.3),
(74, 2, 43488, 2953, 7555.67, 6392, 38.09),
(74, 3, 40603, 2719, 6856.12, 9325, 3.83),
(74, 4, 44107, 1023, 1679.2, 8876, 17.59),
(75, 1, 48921, 2807, 8524.82, 4396, 25.12),
(75, 2, 34314, 3221, 4606.86, 6456, 19.61),
(75, 3, 23136, 2410, 1856.89, 4040, 63.39),
(75, 4, 8723, 4364, 7393.61, 4411, 78.95),
(76, 1, 14562, 1594, 5461.82, 9381, 93.45),
(76, 2, 22295, 3317, 1644.22, 1304, 68.45),
(76, 3, 21488, 1529, 5330.4, 5535, 72.24),
(76, 4, 31674, 1458, 9139.54, 5625, 38.91),
(77, 1, 37713, 1408, 4036.51, 9652, 22.17),
(77, 2, 45522, 1821, 3433.25, 9960, 78.17),
(77, 3, 24252, 838, 2235.54, 8265, 10.62),
(77, 4, 46571, 3205, 3692.31, 420, 95.16),
(78, 1, 32089, 4252, 2628.49, 6328, 94.96),
(78, 2, 36614, 2658, 156.32, 5250, 75.6),
(78, 3, 44572, 2354, 8248.62, 3673, 0.76),
(78, 4, 20095, 983, 8777.5, 8393, 82.43),
(79, 1, 4884, 928, 9138.8, 9814, 48.42),
(79, 2, 3073, 1632, 5215.43, 5465, 58.2),
(79, 3, 17638, 309, 860.1, 5967, 21.02),
(79, 4, 20158, 723, 3252.46, 7433, 10.75),
(80, 1, 21481, 1658, 1072.22, 2842, 36.61),
(80, 2, 14056, 3437, 4758.56, 8593, 9.74),
(80, 3, 27935, 3665, 8515.59, 750, 1.61),
(80, 4, 40683, 2178, 9527.31, 2452, 69.71),
(81, 1, 42161, 894, 2834.79, 1427, 3.52),
(81, 2, 23191, 1453, 4566.33, 8670, 94.8),
(81, 3, 7997, 4848, 5237.21, 9199, 6.01),
(81, 4, 48006, 1079, 7577.65, 110, 27.17),
(82, 1, 8505, 1926, 8447.02, 8630, 55.78),
(82, 2, 22828, 3295, 1627.9, 2242, 93.52),
(82, 3, 36531, 3508, 4160.83, 5315, 86.4),
(82, 4, 38245, 4149, 4155.13, 7369, 53.89),
(83, 1, 18320, 2447, 8625.93, 2264, 49.27),
(83, 2, 22144, 4180, 3372.85, 4581, 54.13),
(83, 3, 22252, 4820, 4219.65, 5959, 79.66),
(83, 4, 20797, 2360, 1777.75, 2111, 30.45),
(84, 1, 40265, 973, 9676.34, 7014, 98.54),
(84, 2, 1665, 1116, 9325.75, 102, 88.25),
(84, 3, 2810, 1278, 8016.21, 6103, 63.92),
(84, 4, 38426, 1902, 727.48, 3873, 13.11),
(85, 1, 7585, 2671, 8684.85, 1134, 20.83),
(85, 2, 21233, 2785, 4805.29, 8548, 20.41),
(85, 3, 41485, 3488, 5555.46, 2984, 68.2),
(85, 4, 18607, 2485, 2843.63, 8516, 52.48),
(86, 1, 25105, 3161, 5864.34, 8038, 14.41),
(86, 2, 45244, 1820, 4230.72, 7226, 71.94),
(86, 3, 19181, 3386, 1497.05, 104, 12.97),
(86, 4, 33772, 1374, 9192.41, 4717, 20.92),
(87, 1, 4561, 4308, 2184.39, 2832, 70.76),
(87, 2, 6938, 1096, 1904.24, 1030, 12.63),
(87, 3, 39753, 1174, 8786.64, 116, 62.69),
(87, 4, 40899, 759, 589.84, 132, 88.55),
(88, 1, 34052, 2005, 4153.68, 8020, 16.02),
(88, 2, 47026, 4529, 4631.86, 396, 53.25),
(88, 3, 30911, 3310, 5186.81, 1426, 66.52),
(88, 4, 11597, 1481, 8998.52, 7865, 46.43),
(89, 1, 17062, 2976, 5620.41, 4352, 48.38),
(89, 2, 24833, 1268, 8627.38, 535, 32.54),
(89, 3, 40542, 740, 5109.28, 7431, 38.24),
(89, 4, 43102, 4537, 2410.89, 1675, 39.25),
(90, 1, 36004, 1489, 7182.89, 1981, 64.54),
(90, 2, 11505, 519, 4571.67, 3523, 19.83),
(90, 3, 47003, 1780, 9257.95, 9544, 96.66),
(90, 4, 1919, 2670, 1817.89, 2542, 57.66),
(91, 1, 37151, 1754, 7409.95, 2804, 95.53),
(91, 2, 48026, 3499, 7994.03, 9587, 7.54),
(91, 3, 19871, 1936, 5531.36, 2357, 23.65),
(91, 4, 10916, 2664, 6533.2, 4006, 78.94),
(92, 1, 35401, 1665, 3202.04, 5047, 26.68),
(92, 2, 8006, 4007, 7247.86, 7586, 73.71),
(92, 3, 32316, 1793, 1615.62, 6440, 28.98),
(92, 4, 1282, 4678, 3326.24, 4159, 57.76),
(93, 1, 32645, 955, 1804.6, 7320, 60.36),
(93, 2, 38160, 3595, 26.88, 9355, 17.43),
(93, 3, 4580, 1328, 554.38, 4038, 66.67),
(93, 4, 39053, 3839, 7597.46, 8154, 71.88),
(94, 1, 14041, 4017, 7079.19, 5355, 13.83),
(94, 2, 36590, 4252, 2430.27, 2445, 2.81),
(94, 3, 44252, 808, 1347.16, 5968, 39.71),
(94, 4, 47587, 445, 5479.79, 2838, 3.77),
(95, 1, 2915, 2174, 7609.97, 8010, 60.66),
(95, 2, 44959, 3815, 5186.24, 8288, 86.36),
(95, 3, 28730, 2862, 6835.97, 6098, 66.73),
(95, 4, 23421, 1513, 2367.96, 8765, 39.43),
(96, 1, 3990, 332, 2019.95, 4556, 97.8),
(96, 2, 15486, 3178, 6454.07, 9382, 85.52),
(96, 3, 37608, 2628, 1094.81, 1088, 34.69),
(96, 4, 10683, 1721, 8720.07, 9347, 89.85),
(97, 1, 6133, 188, 7789.45, 9456, 16.75),
(97, 2, 47826, 4808, 7492.78, 393, 9.25),
(97, 3, 13032, 3916, 2771.84, 8378, 19.29),
(97, 4, 40114, 1609, 9116.54, 9446, 41.56),
(98, 1, 30809, 678, 2104.17, 9723, 49.99),
(98, 2, 39892, 944, 1451.84, 793, 63.33),
(98, 3, 47957, 1244, 1155.6, 2578, 11.81),
(98, 4, 45010, 3772, 4101.12, 2287, 5.35),
(99, 1, 39705, 732, 1159.34, 6268, 40.27),
(99, 2, 8488, 1481, 418.51, 522, 44.65),
(99, 3, 47383, 2810, 6617.18, 8669, 76),
(99, 4, 16298, 1622, 9254.83, 3507, 3.7),
(100, 1, 37479, 1577, 4314.49, 5526, 20.84),
(100, 2, 879, 1466, 4553.43, 4939, 77.66),
(100, 3, 6792, 1226, 7643.6, 4621, 17.61),
(100, 4, 5905, 2331, 227.09, 9148, 68.3),
(101, 1, 40983, 4300, 1406.11, 5523, 85.98),
(101, 2, 37777, 2676, 9819.84, 2459, 59.63),
(101, 3, 24614, 1056, 171.15, 9689, 19.37),
(101, 4, 24034, 2867, 7215.74, 1081, 81.05),
(102, 1, 48234, 11, 8053.62, 3516, 71.57),
(102, 2, 37282, 4885, 3452.39, 9559, 49.66),
(102, 3, 1120, 797, 2288.63, 7433, 11.87),
(102, 4, 18053, 1563, 4238.62, 5882, 54.97),
(103, 1, 35366, 3004, 3873.69, 2135, 21.2),
(103, 2, 1773, 2125, 9415.13, 2558, 2.56),
(103, 3, 31579, 441, 4224.6, 5928, 61.43),
(103, 4, 31413, 1891, 5575.28, 4553, 6.03),
(104, 1, 39261, 504, 4431.15, 1398, 43.12),
(104, 2, 38720, 184, 4123.41, 2129, 12.65),
(104, 3, 18442, 4351, 6500.94, 1753, 34.24),
(104, 4, 17109, 1300, 8277.68, 124, 22.18),
(105, 1, 46553, 2339, 323.83, 960, 12.47),
(105, 2, 40380, 2976, 9079.81, 6644, 95.66),
(105, 3, 36991, 3699, 3685.66, 5050, 62.29),
(105, 4, 24307, 3628, 5901.23, 5702, 37.2),
(106, 1, 27864, 1413, 9457.7, 4116, 47.96),
(106, 2, 6975, 1122, 8367.7, 4114, 46.17),
(106, 3, 180, 906, 441.24, 973, 76.92),
(106, 4, 33698, 1005, 387.3, 436, 80.61),
(107, 1, 48280, 3380, 5538.43, 1644, 44.93),
(107, 2, 18100, 738, 4889.84, 6943, 51.63),
(107, 3, 35677, 108, 5168.52, 6000, 44.78),
(107, 4, 9708, 4856, 304.82, 1772, 97.42),
(108, 1, 46158, 499, 4634.55, 3202, 50.84),
(108, 2, 26778, 3711, 1016.66, 882, 46.19),
(108, 3, 15021, 2721, 797.08, 783, 81.3),
(108, 4, 18857, 2959, 9699.69, 4514, 49.2),
(109, 1, 13075, 3282, 1749.81, 3220, 2.48),
(109, 2, 37037, 3565, 1817.26, 8711, 85.94),
(109, 3, 44327, 2911, 4468.2, 7036, 59.62),
(109, 4, 32518, 244, 2045.62, 9195, 0.55),
(110, 1, 13040, 1642, 6069.63, 2565, 82.26),
(110, 2, 28802, 2083, 8383.31, 6449, 43.68),
(110, 3, 9760, 647, 3532.34, 1049, 52.46),
(110, 4, 9059, 3892, 189.81, 943, 97.98),
(111, 1, 26410, 3399, 4255.64, 5088, 96.51),
(111, 2, 41081, 4828, 249.33, 1111, 79.51),
(111, 3, 3315, 3662, 5885.14, 7657, 12.43),
(111, 4, 16536, 306, 196.48, 4303, 58.56),
(112, 1, 35644, 4523, 679.45, 9222, 75.73),
(112, 2, 46368, 2209, 5741.69, 5161, 24.93),
(112, 3, 46382, 539, 3166.66, 2820, 4.23),
(112, 4, 40014, 4988, 5018.36, 9660, 29.76),
(113, 1, 39187, 4071, 9292.61, 6471, 78.33),
(113, 2, 34681, 4038, 6388.82, 1066, 19.87),
(113, 3, 38688, 3597, 6851.56, 6792, 38.22),
(113, 4, 36474, 2398, 1020.55, 6258, 95.55),
(114, 1, 9729, 1772, 4849.55, 804, 48.5),
(114, 2, 37423, 2181, 2482.42, 2854, 76.22),
(114, 3, 28633, 1500, 2109.35, 8444, 66.97),
(114, 4, 39002, 2369, 5828.64, 1866, 99.57),
(115, 1, 29234, 121, 669.96, 4327, 16.51),
(115, 2, 28233, 1144, 263.07, 7655, 5.1),
(115, 3, 30196, 4429, 8442.51, 1731, 8.9),
(115, 4, 3600, 1298, 6607.56, 449, 63.08),
(116, 1, 43283, 2126, 950.78, 8941, 94.37),
(116, 2, 5485, 1927, 3693.77, 9364, 51.3),
(116, 3, 33061, 4790, 4485.8, 2401, 89.74),
(116, 4, 5473, 3641, 9625.19, 8806, 50.36),
(117, 1, 38513, 2374, 9278.03, 8326, 3.05),
(117, 2, 4628, 4478, 9280.76, 4260, 30.41),
(117, 3, 9060, 1317, 7578.33, 7393, 94.68),
(117, 4, 23335, 4276, 5131.45, 3819, 57.11),
(118, 1, 28860, 4153, 3737.99, 188, 53.91),
(118, 2, 4045, 211, 2595.01, 767, 41.88),
(118, 3, 20985, 3878, 6665.84, 2946, 84.21),
(118, 4, 24921, 4616, 851.28, 9759, 40.32),
(119, 1, 42465, 689, 9341.49, 8370, 89.1),
(119, 2, 44194, 4837, 2704.16, 2709, 59.99),
(119, 3, 27753, 4585, 9038.12, 2464, 46.34),
(119, 4, 49294, 3213, 5785.96, 7817, 66.46),
(120, 1, 3279, 2189, 431.35, 5810, 22.93),
(120, 2, 7728, 2119, 9047.22, 1448, 79.01),
(120, 3, 27756, 922, 3546.1, 721, 49.44),
(120, 4, 36166, 2033, 1770.29, 4654, 67.42),
(121, 1, 45281, 4532, 5581.88, 5460, 72.29),
(121, 2, 23203, 877, 7790.31, 7540, 58.1),
(121, 3, 43165, 3262, 1817.25, 740, 88.48),
(121, 4, 27633, 2319, 8350.87, 6165, 38.37),
(122, 1, 16296, 2170, 9355.57, 7033, 2.56),
(122, 2, 29692, 4192, 3123.94, 1061, 44.39),
(122, 3, 10024, 4595, 3380.18, 6323, 14.23),
(122, 4, 23303, 4752, 7600.49, 6662, 27.52),
(123, 1, 35830, 1025, 3.43, 9402, 96.02),
(123, 2, 14550, 2179, 5346.22, 8727, 69.67),
(123, 3, 14940, 337, 8803.34, 2252, 98.5),
(123, 4, 25900, 3929, 1513.39, 8637, 44.52),
(124, 1, 37733, 559, 4249.14, 1038, 8.92),
(124, 2, 4841, 1757, 9987.11, 1850, 58.65),
(124, 3, 49591, 2034, 3577.47, 9825, 64.01),
(124, 4, 10699, 1676, 7147.35, 1768, 23.26),
(125, 1, 31137, 3340, 8944.42, 5598, 18.66),
(125, 2, 16294, 359, 9183.51, 5262, 55.63),
(125, 3, 6187, 3282, 3324.51, 359, 91),
(125, 4, 23614, 2281, 7504.76, 8119, 14.46),
(126, 1, 8164, 798, 4289.18, 517, 87.3),
(126, 2, 45680, 2369, 2736, 9293, 41.64),
(126, 3, 4141, 3851, 7556.06, 7933, 89.66),
(126, 4, 48990, 536, 7724, 2077, 70.02),
(127, 1, 38965, 4410, 5732.35, 8955, 63.05),
(127, 2, 35829, 4433, 9564.26, 46, 86.63),
(127, 3, 30260, 4516, 1454.6, 4448, 7.96),
(127, 4, 17752, 3390, 5169.72, 1713, 78.73),
(128, 1, 21395, 1514, 9191.17, 6169, 94.72),
(128, 2, 35778, 3459, 6164.68, 8821, 61.74),
(128, 3, 16317, 4766, 3958.28, 9003, 44.03),
(128, 4, 33209, 3123, 5672.21, 1479, 32.73),
(129, 1, 38559, 2140, 9788.96, 807, 11.06),
(129, 2, 40220, 1105, 7223.82, 2958, 5.86),
(129, 3, 45053, 3914, 9946.84, 4036, 69.7),
(129, 4, 25002, 365, 3512.61, 1153, 47.45),
(130, 1, 27688, 507, 2270.69, 9764, 53.78),
(130, 2, 36389, 3235, 2071.42, 5150, 24.86),
(130, 3, 46489, 1031, 1000.08, 9490, 25.99),
(130, 4, 24405, 4912, 558.11, 7954, 0.77),
(131, 1, 1624, 4868, 6560.64, 9378, 30.11),
(131, 2, 8906, 2448, 5303.53, 9508, 25.02),
(131, 3, 3078, 2403, 9205.08, 6144, 68.24),
(131, 4, 17956, 4561, 6133.9, 7067, 49.75),
(132, 1, 3277, 2678, 7891.78, 4294, 16.18),
(132, 2, 20365, 2579, 4235.91, 5966, 49),
(132, 3, 29039, 2785, 5375.18, 478, 57.12),
(132, 4, 20220, 2613, 9647.58, 3150, 78.13),
(133, 1, 39886, 237, 4251.51, 3973, 85.7),
(133, 2, 24218, 2115, 7989.3, 6246, 78.33),
(133, 3, 41520, 1510, 7704.25, 5513, 70.06),
(133, 4, 3552, 889, 3964.9, 5472, 60.37),
(134, 1, 22743, 1876, 9253.52, 150, 69.48),
(134, 2, 44255, 3486, 1602.64, 3059, 11.84),
(134, 3, 9972, 2410, 1810.44, 7404, 42.82),
(134, 4, 31351, 3883, 3106.16, 2200, 76.38),
(135, 1, 40192, 552, 3901.44, 1698, 7.91),
(135, 2, 18412, 819, 923, 8247, 81.53),
(135, 3, 16463, 4370, 7968.82, 6361, 99.34),
(135, 4, 402, 4398, 150.14, 7775, 58.88),
(136, 1, 25958, 3942, 7109.67, 9155, 12.79),
(136, 2, 5187, 1417, 5778.4, 5871, 44.41),
(136, 3, 893, 2239, 4461.15, 6693, 79.25),
(136, 4, 10756, 3482, 761.4, 1817, 91.95),
(137, 1, 3505, 1671, 5287.62, 3748, 73.54),
(137, 2, 31374, 2803, 2279.76, 5664, 69.64),
(137, 3, 47809, 3162, 8663.98, 8721, 4.81),
(137, 4, 36314, 2871, 9737.03, 2765, 36.85),
(138, 1, 17350, 4212, 1748.28, 2095, 12.34),
(138, 2, 36536, 1906, 5034.63, 4148, 36.2),
(138, 3, 49311, 2199, 471.49, 7032, 25.45),
(138, 4, 42784, 3010, 2852.07, 7654, 33.85),
(139, 1, 9545, 1613, 8455.1, 1256, 11.14),
(139, 2, 12685, 1263, 9346.55, 7331, 28.55),
(139, 3, 35211, 4025, 6821.72, 1390, 45.08),
(139, 4, 26093, 1690, 2428.96, 4808, 64.51),
(140, 1, 44468, 1363, 4892.85, 503, 19.16),
(140, 2, 36379, 4415, 3795.07, 2780, 81.96),
(140, 3, 31113, 2897, 7142.17, 8894, 6.08),
(140, 4, 4409, 4971, 7840.38, 4045, 82.67),
(141, 1, 16708, 2695, 7147.58, 3184, 3.32),
(141, 2, 39904, 1881, 3250, 8934, 50.3),
(141, 3, 9492, 2186, 6241.29, 3759, 33.1),
(141, 4, 15042, 2504, 118.15, 1701, 51.47),
(142, 1, 46869, 3247, 4405.42, 8276, 28.66),
(142, 2, 4389, 3482, 3453.4, 2822, 27.89),
(142, 3, 16672, 2945, 2616.53, 7004, 5.35),
(142, 4, 34848, 1723, 8194.49, 5924, 68.84),
(143, 1, 31137, 4938, 6195.41, 7378, 70.46),
(143, 2, 36207, 878, 155.7, 5251, 24.09),
(143, 3, 39044, 1011, 1470.84, 7479, 96.03),
(143, 4, 33587, 2093, 8741.33, 6324, 80.39),
(144, 1, 37218, 4746, 4255.85, 9606, 52.77),
(144, 2, 10159, 4906, 609.21, 5152, 48.12),
(144, 3, 46077, 1089, 8375.1, 1714, 27.42),
(144, 4, 29453, 1127, 2537.93, 3810, 3.64),
(145, 1, 5869, 4901, 5404.47, 6247, 71.05),
(145, 2, 11471, 2194, 1322.01, 3337, 83.16),
(145, 3, 42514, 1855, 5923.93, 2666, 52.15),
(145, 4, 15616, 4654, 7923.49, 2473, 97.58),
(146, 1, 42341, 4504, 4999.69, 6420, 92),
(146, 2, 10297, 4642, 2100.9, 2824, 51.71),
(146, 3, 33731, 405, 7116.91, 9126, 92.41),
(146, 4, 10996, 1194, 1211.27, 1916, 1.49),
(147, 1, 15075, 1440, 8889.64, 266, 6.3),
(147, 2, 34212, 3162, 4613.09, 6216, 11.46),
(147, 3, 1954, 4161, 8412.75, 9779, 67.15),
(147, 4, 36577, 3940, 7148.66, 1993, 1.12),
(148, 1, 5480, 2421, 1893.51, 6286, 79.69),
(148, 2, 18925, 506, 9172.69, 3854, 89.77),
(148, 3, 18964, 2616, 6498.76, 1393, 58.96),
(148, 4, 49488, 389, 7861.69, 4527, 42.11),
(149, 1, 49223, 4509, 6415.15, 3194, 31.49),
(149, 2, 26783, 4823, 3163.92, 1600, 3.49),
(149, 3, 13013, 139, 4570.44, 6623, 91.6),
(149, 4, 230, 3032, 8173.7, 4570, 94.35),
(150, 1, 48641, 4820, 3791.89, 1221, 33.14),
(150, 2, 45157, 378, 4359.12, 6388, 42.21),
(150, 3, 6032, 605, 130.42, 6438, 91.61),
(150, 4, 19602, 709, 7089.59, 3683, 98.68),
(151, 1, 104, 3662, 5416.54, 1647, 39.88),
(151, 2, 38764, 2203, 7724.26, 7691, 4.2),
(151, 3, 40317, 124, 3672.84, 9202, 76.02),
(151, 4, 28174, 3439, 5482.35, 4820, 55.4),
(152, 1, 24768, 4377, 7256.16, 9250, 62.18),
(152, 2, 10441, 3182, 6069.33, 252, 52.8),
(152, 3, 35386, 3551, 5580.3, 8520, 89.77),
(152, 4, 37078, 970, 4724.78, 7951, 78.16),
(153, 1, 4762, 2983, 306.35, 9688, 42.88),
(153, 2, 23791, 3716, 8438.93, 9328, 45.45),
(153, 3, 24711, 192, 6932.13, 3878, 12.65),
(153, 4, 5701, 1088, 4316.13, 5873, 45.46),
(154, 1, 41358, 4277, 5773.12, 3060, 38.01),
(154, 2, 19840, 645, 5532.96, 95, 76.11),
(154, 3, 37463, 3020, 9345.24, 1193, 78.4),
(154, 4, 23673, 2750, 5104.97, 1929, 46.06),
(155, 1, 29945, 2383, 7060.66, 2260, 48.83),
(155, 2, 25238, 4933, 1848.78, 1222, 9.66),
(155, 3, 44105, 4518, 1446.53, 1505, 60.86),
(155, 4, 38812, 3300, 9399.65, 7139, 26.63),
(156, 1, 10664, 1155, 6031.59, 7823, 33.43),
(156, 2, 38512, 610, 4492.79, 4330, 72.1),
(156, 3, 24016, 2183, 9162.48, 1724, 82.33),
(156, 4, 22716, 2406, 3728.48, 743, 31.9),
(157, 1, 33148, 1036, 28.86, 9469, 14.15),
(157, 2, 24063, 4071, 8305.05, 9412, 1.81),
(157, 3, 48125, 408, 633.69, 6542, 21.96),
(157, 4, 46146, 2804, 4100.09, 865, 45.94),
(158, 1, 13846, 1115, 2784.46, 7700, 99.19),
(158, 2, 32972, 1335, 9195.42, 5375, 88.74),
(158, 3, 18350, 42, 584.11, 7954, 52.02),
(158, 4, 33864, 1498, 1609.18, 4289, 71.71),
(159, 1, 15753, 739, 1362.5, 6876, 7.25),
(159, 2, 35537, 3057, 62.47, 1079, 5.89),
(159, 3, 23032, 4608, 6414.8, 966, 9.15),
(159, 4, 37642, 3046, 9747.25, 2916, 84.38),
(160, 1, 7158, 706, 3149.83, 7002, 8.09),
(160, 2, 2859, 2972, 2274.13, 7218, 5.32),
(160, 3, 37324, 1116, 1996.1, 537, 46.24),
(160, 4, 28193, 4864, 3139.1, 240, 0.46),
(161, 1, 31711, 2101, 9060.51, 1419, 87.73),
(161, 2, 37618, 2559, 5617.74, 5361, 69.91),
(161, 3, 14877, 1154, 7974.49, 8550, 46.83),
(161, 4, 38870, 4550, 5730.84, 6752, 34.46),
(162, 1, 39006, 2107, 2790.29, 7736, 76.6),
(162, 2, 27094, 722, 9593.36, 8432, 92.57),
(162, 3, 31073, 1657, 8047.73, 8821, 8.26),
(162, 4, 47537, 580, 355.22, 5444, 4.54),
(163, 1, 23056, 4600, 6639.88, 6607, 22.18),
(163, 2, 12005, 563, 4682.72, 4862, 21.33),
(163, 3, 47735, 2949, 4378.5, 8585, 76.39),
(163, 4, 15857, 2764, 8713.57, 2480, 42.07),
(164, 1, 3964, 3323, 8620.44, 8940, 43.54),
(164, 2, 48847, 3517, 4478.05, 9638, 54.8),
(164, 3, 47039, 2060, 8909.96, 8879, 50.34),
(164, 4, 35859, 2488, 9676.73, 5208, 80.02),
(165, 1, 25076, 2441, 4058.92, 2259, 54.02),
(165, 2, 21683, 2737, 530.73, 7279, 92.7),
(165, 3, 46183, 411, 3934.74, 7356, 61.99),
(165, 4, 23098, 656, 3642.22, 6505, 15.95),
(166, 1, 37000, 1498, 7291.87, 159, 59.41),
(166, 2, 35445, 2731, 9023.13, 5317, 10.71),
(166, 3, 32335, 2536, 7306.2, 9831, 10.17),
(166, 4, 15308, 817, 9510.42, 1640, 46.27),
(167, 1, 33261, 3178, 947.55, 312, 14.23),
(167, 2, 19329, 3647, 6819.77, 884, 68.67),
(167, 3, 11610, 1378, 6338.46, 6653, 71.71),
(167, 4, 24311, 1916, 3151.27, 4391, 69.86),
(168, 1, 5450, 1452, 9982.11, 1354, 66.69),
(168, 2, 11944, 3586, 9011.17, 9271, 35.73),
(168, 3, 3901, 87, 1579.09, 6843, 75.95),
(168, 4, 45852, 416, 789.4, 1818, 33.73),
(169, 1, 47152, 1500, 9065.06, 5685, 96.66),
(169, 2, 42905, 4819, 2596.3, 5567, 3.2),
(169, 3, 18516, 360, 9558.62, 8066, 9.99),
(169, 4, 29029, 1567, 8445.25, 7597, 59.5),
(170, 1, 3246, 2899, 7082.97, 9664, 67.41),
(170, 2, 42200, 230, 9134.55, 1077, 4.81),
(170, 3, 25735, 2359, 9573.93, 3542, 96.98),
(170, 4, 47276, 100, 2032.63, 9485, 11.85),
(171, 1, 18182, 2853, 1260.57, 514, 87.83),
(171, 2, 28077, 374, 5064.82, 4656, 6.44),
(171, 3, 35571, 2457, 6268.61, 1536, 95.54),
(171, 4, 42857, 2760, 8805, 2855, 95.98),
(172, 1, 23539, 2836, 7599.65, 3991, 90.93),
(172, 2, 44960, 4646, 3404.68, 748, 36.13),
(172, 3, 4631, 273, 593.25, 7977, 56.94),
(172, 4, 37855, 107, 6441.25, 6517, 57.12),
(173, 1, 35881, 482, 736.88, 6338, 71.71),
(173, 2, 31294, 2153, 440.89, 3958, 99.61),
(173, 3, 32831, 2188, 6943.88, 2053, 71.67),
(173, 4, 14275, 1588, 5702.76, 4734, 30.68),
(174, 1, 45803, 3072, 8618.88, 336, 0.28),
(174, 2, 32164, 3756, 3769.77, 2575, 33.42),
(174, 3, 528, 1786, 1606.8, 5700, 82.84),
(174, 4, 4777, 4041, 2125.17, 6217, 31.31),
(175, 1, 8521, 3205, 1836.45, 1732, 45.94),
(175, 2, 16697, 1506, 5821.13, 3060, 66.15),
(175, 3, 37532, 1225, 2188.35, 3626, 30.77),
(175, 4, 6243, 572, 152.33, 523, 57.13),
(176, 1, 42150, 3456, 8389.3, 760, 35.62),
(176, 2, 369, 4432, 5557.86, 6783, 51.04),
(176, 3, 15924, 115, 1514.67, 1911, 8.84),
(176, 4, 25729, 3638, 2199.44, 2229, 61.63),
(177, 1, 426, 2307, 8963.85, 5480, 95.77),
(177, 2, 29920, 2737, 7542.37, 9217, 55.65),
(177, 3, 35589, 3696, 3232.78, 9266, 86.07),
(177, 4, 5750, 1401, 5934.19, 9725, 77.11),
(178, 1, 20427, 1373, 3952.41, 3783, 95.33),
(178, 2, 15747, 3434, 6710.36, 2935, 79.73),
(178, 3, 45497, 1159, 4575.73, 5795, 52.07),
(178, 4, 5095, 2096, 4619.44, 7591, 88.99),
(179, 1, 45542, 4882, 1260.82, 7289, 11.45),
(179, 2, 22561, 1328, 2256.5, 9023, 0.61),
(179, 3, 12390, 3535, 7004.24, 2756, 9.9),
(179, 4, 39846, 1401, 675.25, 8592, 78.57),
(180, 1, 34227, 4693, 9098.61, 70, 68.64),
(180, 2, 37064, 774, 4337.35, 1836, 50.31),
(180, 3, 13857, 4388, 3714.28, 9015, 55.06),
(180, 4, 47863, 4822, 8807.25, 9322, 74.96),
(181, 1, 45238, 3854, 1674.79, 1543, 38.17),
(181, 2, 33867, 365, 7088.3, 5565, 91.72),
(181, 3, 31376, 4383, 7655.88, 9893, 85.81),
(181, 4, 4402, 4486, 9790.89, 9972, 94.26),
(182, 1, 33327, 4767, 4795.92, 2824, 80.37),
(182, 2, 18096, 2718, 9614.45, 5095, 86.62),
(182, 3, 43081, 787, 9954.29, 2262, 16.81),
(182, 4, 49414, 3906, 1625.14, 884, 17.76),
(183, 1, 14009, 2413, 5366.55, 3746, 13.53),
(183, 2, 10191, 485, 2519.62, 4545, 27.87),
(183, 3, 18269, 1732, 7311.42, 8599, 74.78),
(183, 4, 4328, 3453, 9739.38, 5896, 57.73),
(184, 1, 46566, 1608, 7011.01, 2073, 73.57),
(184, 2, 48155, 107, 1275.81, 3405, 97.87),
(184, 3, 18154, 1223, 2190.18, 2149, 13.06),
(184, 4, 28765, 4080, 3591.75, 2083, 69.55),
(185, 1, 6766, 1997, 3729.31, 3177, 4.14),
(185, 2, 49762, 1071, 5033.38, 6847, 33.55),
(185, 3, 3083, 3336, 2534.66, 3228, 0.29),
(185, 4, 3765, 2822, 7152.47, 9746, 23.08),
(186, 1, 28834, 3744, 4595.99, 6518, 90.31),
(186, 2, 6289, 4402, 2242.45, 1163, 68.38),
(186, 3, 42714, 1327, 9906.68, 1468, 41.57),
(186, 4, 44944, 607, 4696.76, 6195, 86.52),
(187, 1, 2679, 1304, 5820.4, 8698, 21.82),
(187, 2, 1912, 2160, 2479.41, 8867, 82.12),
(187, 3, 4384, 3172, 3918.82, 2471, 56.75),
(187, 4, 13306, 971, 4198, 229, 50.11),
(188, 1, 24045, 3325, 5571.8, 6038, 96.88),
(188, 2, 27374, 3222, 4605.05, 664, 38.32),
(188, 3, 45904, 3228, 9298.62, 1378, 57.03),
(188, 4, 25803, 2966, 3616.71, 4967, 58.12),
(189, 1, 16695, 2462, 6560.27, 7224, 96.53),
(189, 2, 25659, 1609, 6848.58, 9906, 77.02),
(189, 3, 47008, 1841, 5675.53, 5632, 0.85),
(189, 4, 42417, 4953, 3769.29, 7432, 18.98),
(190, 1, 11072, 3157, 1346.9, 1924, 8.85),
(190, 2, 9625, 2095, 2164.42, 6732, 66.55),
(190, 3, 48421, 2815, 9408.38, 9089, 69.54),
(190, 4, 17469, 1240, 1014.12, 8432, 85.02),
(191, 1, 41697, 322, 5338.01, 8077, 94.91),
(191, 2, 38937, 804, 7399.05, 6677, 14.75),
(191, 3, 15736, 2549, 9074.4, 1386, 65.8),
(191, 4, 37415, 3116, 2636.7, 3293, 55.97),
(192, 1, 15691, 1098, 7201.65, 4615, 94.72),
(192, 2, 12233, 2996, 6667.1, 5974, 53.16),
(192, 3, 14740, 2012, 2607.42, 3314, 94.94),
(192, 4, 2277, 1974, 775.48, 5993, 84.83),
(193, 1, 34669, 4092, 4056.68, 6125, 98.01),
(193, 2, 17504, 3030, 8635.67, 6396, 91.61),
(193, 3, 36944, 2201, 4993.79, 7430, 40.14),
(193, 4, 46669, 2198, 7217.46, 5496, 94.7),
(194, 1, 23626, 1966, 4365.86, 9245, 47.22),
(194, 2, 17751, 3220, 3866.59, 9742, 77.69),
(194, 3, 25055, 521, 4309.08, 4593, 12.65),
(194, 4, 11606, 2812, 2855.51, 362, 53.55),
(195, 1, 520, 4692, 3320.4, 5019, 50.8),
(195, 2, 22394, 1519, 7604.18, 9763, 14.26),
(195, 3, 24328, 4717, 3812.87, 4949, 84.42),
(195, 4, 11910, 925, 8534.49, 3924, 1.35),
(196, 1, 18100, 1120, 2395.97, 9642, 98.73),
(196, 2, 17413, 1488, 3848.06, 4684, 5.26),
(196, 3, 43759, 2170, 6506.65, 9560, 19.54),
(196, 4, 10317, 3404, 8165.78, 4931, 77.68),
(197, 1, 20248, 1749, 7183.94, 914, 45.28),
(197, 2, 27044, 1803, 6577.85, 7502, 22.6),
(197, 3, 44609, 149, 299.88, 1998, 49.57),
(197, 4, 34789, 2919, 9197.53, 2327, 93.19),
(198, 1, 5204, 3018, 7298.89, 7317, 9.24),
(198, 2, 36503, 2301, 3183.36, 3426, 36.27),
(198, 3, 43119, 2289, 7391.24, 2887, 43.29),
(198, 4, 33128, 3774, 2597.62, 8160, 4.86),
(199, 1, 32586, 1590, 6428.16, 2680, 86.97),
(199, 2, 44349, 208, 6915.01, 6732, 79.66),
(199, 3, 48626, 1210, 2225.64, 7286, 46.28),
(199, 4, 8655, 4730, 4299.75, 5307, 40.67),
(200, 1, 12779, 3835, 34.05, 4565, 91.1),
(200, 2, 42317, 383, 9250, 5850, 81.53),
(200, 3, 28792, 4400, 628.82, 6020, 32.55),
(200, 4, 34023, 374, 363.67, 2490, 48.38);

-- --------------------------------------------------------

--
-- Struktura tabulky `playmods`
--

CREATE TABLE `playmods` (
  `id_play` bigint(20) NOT NULL,
  `id_mod` int(11) NOT NULL
) ENGINE=InnoDB DEFAULT CHARSET=utf8 COLLATE=utf8_general_ci;

--
-- Vypisuji data pro tabulku `playmods`
--

INSERT INTO `playmods` (`id_play`, `id_mod`) VALUES
(1, 1),
(2, 2),
(2, 4),
(3, 10),
(3, 12),
(4, 7),
(4, 10),
(4, 12),
(5, 7),
(5, 9),
(6, 1),
(6, 6),
(6, 9),
(7, 6),
(7, 12),
(8, 3),
(8, 8),
(8, 11),
(9, 9),
(10, 11),
(11, 1),
(11, 5),
(11, 7),
(13, 2),
(13, 6),
(13, 9),
(14, 12),
(15, 5),
(15, 12),
(16, 8),
(16, 11),
(17, 1),
(17, 3),
(17, 10),
(18, 10),
(19, 7),
(19, 10),
(20, 1),
(20, 5),
(20, 9),
(21, 4),
(21, 7),
(21, 9),
(22, 7),
(25, 2),
(25, 4),
(25, 12),
(26, 3),
(26, 12),
(27, 6),
(27, 7),
(27, 9),
(28, 7),
(29, 6),
(29, 12),
(31, 9),
(31, 12),
(32, 4),
(32, 7),
(32, 8),
(33, 3),
(33, 5),
(33, 8),
(34, 7),
(35, 1),
(35, 9),
(36, 8),
(36, 11),
(37, 11),
(39, 7),
(39, 10),
(39, 11),
(40, 1),
(40, 4),
(40, 7),
(41, 3),
(43, 1),
(43, 6),
(43, 10),
(44, 3),
(45, 2),
(45, 6),
(45, 11),
(47, 4),
(47, 9),
(47, 12),
(48, 8),
(49, 4),
(49, 12),
(50, 8),
(51, 6),
(52, 5),
(55, 10),
(56, 4),
(56, 8),
(56, 10),
(57, 3),
(57, 4),
(57, 8),
(59, 3),
(59, 4),
(60, 1),
(60, 2),
(60, 12),
(62, 7),
(62, 8),
(62, 9),
(64, 2),
(64, 5),
(64, 9),
(66, 1),
(66, 5),
(66, 8),
(67, 1),
(67, 6),
(67, 12),
(68, 8),
(68, 9),
(68, 12),
(69, 2),
(69, 3),
(69, 12),
(70, 2),
(70, 10),
(71, 6),
(72, 3),
(72, 6),
(72, 11),
(73, 8),
(74, 5),
(76, 2),
(76, 11),
(77, 4),
(77, 8),
(77, 12),
(78, 5),
(78, 6),
(79, 5),
(79, 6),
(79, 8),
(80, 1),
(80, 10),
(81, 3),
(82, 1),
(82, 4),
(83, 6),
(83, 10),
(84, 3),
(84, 5),
(85, 8),
(85, 12),
(86, 3),
(86, 12),
(87, 10),
(88, 5),
(88, 7),
(89, 1),
(90, 10),
(91, 3),
(91, 10),
(93, 6),
(93, 9),
(94, 3),
(94, 8),
(94, 10),
(95, 3),
(95, 11),
(96, 6),
(96, 9),
(97, 3),
(97, 8),
(97, 11),
(98, 3),
(98, 7),
(98, 8),
(101, 4),
(101, 5),
(102, 4),
(103, 5),
(105, 6),
(106, 1),
(106, 8),
(106, 10),
(107, 12),
(108, 6),
(110, 2),
(110, 6),
(110, 11),
(112, 9),
(112, 12),
(115, 4),
(115, 9),
(115, 10),
(116, 5),
(117, 12),
(118, 4),
(119, 1),
(119, 3),
(119, 10),
(120, 5),
(120, 9),
(122, 12),
(124, 9),
(125, 1),
(125, 4),
(126, 4),
(127, 2),
(127, 8),
(127, 9),
(129, 2),
(129, 11),
(130, 8),
(132, 2),
(132, 4),
(132, 8),
(134, 10),
(135, 1),
(135, 5),
(135, 10),
(136, 2),
(136, 4),
(136, 8),
(137, 1),
(137, 5),
(137, 7),
(138, 8),
(138, 11),
(139, 6),
(140, 5),
(140, 9),
(140, 11),
(141, 4),
(141, 9),
(142, 5),
(142, 11),
(143, 8),
(143, 11),
(145, 8),
(147, 8),
(147, 9),
(148, 2),
(148, 3),
(148, 12),
(149, 2),
(149, 5),
(149, 11),
(150, 6),
(150, 9),
(150, 11),
(151, 4),
(153, 4),
(154, 5),
(154, 9),
(155, 8),
(155, 9),
(157, 4),
(157, 10),
(158, 6),
(159, 4),
(160, 3),
(160, 10),
(160, 12),
(161, 6),
(162, 7),
(162, 10),
(162, 11),
(163, 4),
(163, 5),
(164, 3),
(164, 5),
(164, 6),
(165, 6),
(165, 12),
(166, 5),
(166, 8),
(167, 7),
(167, 10),
(167, 11),
(169, 1),
(169, 6),
(169, 7),
(170, 8),
(171, 1),
(171, 4),
(172, 11),
(173, 5),
(173, 6),
(175, 7),
(175, 12),
(176, 9),
(176, 12),
(177, 4),
(178, 2),
(178, 5),
(178, 11),
(179, 3),
(180, 8),
(180, 12),
(181, 1),
(181, 7),
(181, 11),
(182, 4),
(182, 5),
(182, 10),
(183, 1),
(183, 2),
(183, 12),
(184, 5),
(184, 9),
(185, 5),
(185, 8),
(187, 2),
(187, 3),
(187, 6),
(188, 3),
(188, 10),
(188, 12),
(189, 4),
(189, 10),
(191, 4),
(191, 6),
(191, 10),
(192, 9),
(192, 12),
(193, 1),
(193, 12),
(194, 2),
(195, 6),
(195, 8),
(196, 3),
(197, 4),
(197, 8),
(198, 4),
(198, 6),
(198, 12),
(199, 5),
(199, 10),
(201, 2),
(202, 7),
(202, 8),
(202, 12),
(205, 1),
(205, 10),
(206, 1),
(206, 6),
(206, 9),
(207, 5),
(207, 6),
(207, 10),
(212, 9),
(214, 4),
(214, 10),
(214, 11),
(216, 5),
(216, 8),
(216, 11),
(217, 11),
(218, 2),
(218, 3),
(219, 8),
(219, 9),
(220, 1),
(220, 7),
(220, 10),
(221, 1),
(221, 10),
(222, 1),
(222, 4),
(222, 12),
(223, 3),
(223, 7),
(224, 4),
(224, 10),
(225, 8),
(225, 9),
(226, 10),
(227, 10),
(227, 12),
(228, 4),
(229, 4),
(230, 2),
(230, 3),
(233, 9),
(234, 2),
(234, 6),
(235, 4),
(235, 11),
(236, 4),
(237, 3),
(237, 7),
(238, 4),
(238, 12),
(239, 1),
(239, 3),
(240, 1),
(240, 2),
(240, 7),
(241, 4),
(241, 7),
(241, 12),
(243, 4),
(243, 7),
(243, 8),
(244, 7),
(247, 9),
(249, 4),
(251, 6),
(251, 10),
(251, 12),
(252, 4),
(252, 7),
(253, 2),
(254, 5),
(254, 8),
(256, 1),
(256, 7),
(256, 12),
(257, 2),
(257, 6),
(257, 7),
(258, 2),
(258, 5),
(259, 4),
(259, 5),
(259, 11),
(261, 1),
(261, 5),
(261, 8),
(262, 1),
(262, 3),
(263, 3),
(265, 9),
(266, 3),
(267, 1),
(267, 10),
(267, 12),
(268, 12),
(269, 6),
(269, 10),
(270, 3),
(270, 7),
(270, 12),
(271, 9),
(272, 12),
(273, 6),
(275, 1),
(276, 4),
(276, 5),
(276, 7),
(277, 5),
(277, 10),
(278, 1),
(278, 12),
(279, 1),
(279, 8),
(281, 7),
(283, 3),
(283, 9),
(283, 10),
(284, 2),
(286, 2),
(286, 4),
(287, 2),
(287, 8),
(287, 12),
(288, 7),
(288, 8),
(288, 9),
(289, 10),
(291, 8),
(291, 12),
(292, 3),
(292, 6),
(293, 10),
(293, 11),
(295, 4),
(295, 8),
(295, 10),
(296, 4),
(297, 3),
(298, 11),
(301, 2),
(301, 5),
(301, 10),
(302, 4),
(303, 3),
(303, 11),
(304, 6),
(304, 8),
(305, 3),
(305, 6),
(306, 3),
(306, 6),
(306, 11),
(308, 1),
(308, 4),
(308, 11),
(309, 1),
(310, 11),
(312, 3),
(313, 1),
(313, 6),
(313, 10),
(314, 4),
(314, 6),
(314, 8),
(315, 4),
(315, 8),
(315, 12),
(316, 8),
(316, 9),
(318, 9),
(318, 11),
(319, 3),
(319, 6),
(320, 6),
(320, 8),
(321, 2),
(321, 6),
(321, 11),
(322, 2),
(322, 6),
(323, 1),
(323, 9),
(323, 11),
(324, 2),
(325, 8),
(328, 3),
(328, 6),
(329, 7),
(329, 8),
(331, 7),
(332, 3),
(333, 1),
(334, 12),
(335, 9),
(335, 10),
(336, 10),
(338, 4),
(338, 9),
(339, 6),
(340, 2),
(341, 11),
(342, 12),
(343, 9),
(344, 1),
(344, 4),
(344, 5),
(345, 5),
(345, 7),
(345, 9),
(346, 6),
(346, 8),
(346, 12),
(347, 12),
(348, 1),
(348, 2),
(349, 9),
(349, 12),
(350, 4),
(350, 10),
(353, 3),
(353, 8),
(353, 12),
(354, 4),
(355, 3),
(355, 7),
(355, 11),
(356, 4),
(356, 10),
(356, 11),
(357, 2),
(357, 4),
(358, 3),
(358, 7),
(360, 4),
(361, 3),
(361, 5),
(361, 11),
(362, 1),
(362, 11),
(364, 2),
(364, 9),
(365, 4),
(365, 8),
(365, 11),
(366, 2),
(366, 9),
(367, 2),
(367, 3),
(367, 6),
(368, 1),
(368, 7),
(369, 2),
(369, 11),
(370, 3),
(370, 7),
(370, 10),
(371, 4),
(371, 5),
(371, 9),
(374, 4),
(374, 11),
(375, 7),
(375, 11),
(375, 12),
(378, 5),
(378, 12),
(379, 9),
(379, 11),
(380, 7),
(380, 11),
(381, 2),
(381, 6),
(384, 4),
(384, 8),
(384, 10),
(385, 10),
(386, 2),
(386, 5),
(386, 11),
(387, 9),
(387, 10),
(387, 11),
(388, 7),
(388, 9),
(388, 10),
(394, 6),
(395, 1),
(395, 6),
(395, 7),
(396, 8),
(396, 9),
(396, 10),
(398, 1),
(398, 7),
(398, 11),
(399, 10),
(400, 1),
(401, 2),
(401, 5),
(402, 1),
(402, 5),
(402, 8),
(403, 6),
(403, 11),
(404, 4),
(404, 5),
(405, 1),
(405, 6),
(405, 8),
(406, 3),
(406, 4),
(407, 7),
(407, 12),
(408, 3),
(408, 8),
(410, 6),
(410, 10),
(411, 6),
(412, 2),
(412, 12),
(413, 6),
(413, 8),
(413, 10),
(414, 7),
(415, 5),
(416, 6),
(416, 8),
(416, 12),
(417, 3),
(417, 12),
(418, 1),
(418, 2),
(419, 10),
(420, 9),
(420, 11),
(421, 9),
(421, 12),
(422, 7),
(424, 2),
(426, 3),
(426, 5),
(426, 6),
(427, 3),
(427, 7),
(428, 2),
(428, 5),
(428, 10),
(430, 4),
(430, 8),
(432, 9),
(433, 11),
(434, 1),
(434, 8),
(435, 12),
(436, 4),
(437, 8),
(438, 3),
(440, 1),
(440, 4),
(441, 7),
(441, 8),
(441, 9),
(442, 7),
(443, 9),
(444, 7),
(444, 10),
(444, 11),
(445, 6),
(445, 12),
(446, 6),
(446, 7),
(447, 4),
(447, 6),
(448, 2),
(448, 3),
(449, 4),
(449, 12),
(450, 2),
(451, 2),
(451, 6),
(451, 9),
(452, 12),
(453, 11),
(453, 12),
(454, 8),
(455, 1),
(455, 10),
(456, 8),
(456, 10),
(456, 11),
(457, 1),
(457, 2),
(457, 3),
(458, 1),
(458, 9),
(458, 11),
(459, 3),
(459, 8),
(461, 2),
(461, 5),
(462, 1),
(462, 12),
(463, 3),
(463, 7),
(463, 12),
(464, 11),
(465, 5),
(465, 9),
(465, 12),
(466, 4),
(466, 10),
(467, 3),
(467, 9),
(467, 10),
(468, 1),
(468, 10),
(470, 2),
(470, 10),
(473, 3),
(473, 4),
(473, 12),
(474, 10),
(475, 3),
(477, 2),
(477, 6),
(477, 12),
(480, 7),
(480, 10),
(480, 11),
(481, 3),
(481, 7),
(481, 8),
(482, 2),
(482, 3),
(483, 3),
(483, 6),
(484, 2),
(484, 5),
(484, 8),
(485, 5),
(486, 4),
(486, 6),
(486, 12),
(488, 2),
(488, 8),
(489, 1),
(489, 10),
(492, 2),
(492, 3),
(496, 5),
(496, 7),
(498, 2),
(498, 3),
(499, 11),
(500, 3),
(500, 4),
(500, 9),
(501, 2),
(501, 11),
(502, 10),
(503, 3),
(503, 10),
(504, 3),
(504, 9),
(504, 12),
(505, 8),
(509, 2),
(509, 5),
(510, 3),
(510, 11),
(511, 2),
(512, 3),
(512, 4),
(512, 10),
(513, 8),
(513, 11),
(514, 2),
(514, 8),
(514, 9),
(516, 4),
(516, 6),
(517, 4),
(518, 1),
(518, 4),
(518, 7),
(519, 1),
(519, 8),
(522, 9),
(522, 10),
(523, 4),
(523, 9),
(523, 11),
(524, 3),
(524, 6),
(525, 4),
(525, 5),
(525, 7),
(526, 2),
(526, 7),
(526, 12),
(527, 1),
(527, 2),
(527, 8),
(528, 8),
(528, 9),
(529, 5),
(529, 8),
(529, 12),
(532, 2),
(533, 10),
(533, 12),
(534, 11),
(535, 1),
(535, 12),
(538, 4),
(538, 7),
(539, 1),
(539, 9),
(540, 9),
(540, 11),
(540, 12),
(541, 9),
(542, 1),
(542, 11),
(543, 2),
(544, 3),
(544, 4),
(544, 6),
(546, 8),
(547, 10),
(550, 2),
(550, 4),
(550, 5),
(552, 11),
(553, 3),
(553, 7),
(554, 6),
(555, 1),
(555, 3),
(555, 11),
(556, 10),
(557, 7),
(557, 11),
(558, 4),
(558, 11),
(559, 1),
(559, 7),
(560, 5),
(560, 7),
(560, 12),
(561, 8),
(562, 1),
(562, 10),
(563, 1),
(563, 3),
(563, 8),
(564, 2),
(567, 8),
(569, 9),
(570, 3),
(570, 5),
(571, 5),
(571, 9),
(571, 12),
(572, 5),
(572, 10),
(575, 2),
(575, 4),
(575, 9),
(576, 3),
(576, 4),
(576, 9),
(578, 2),
(578, 8),
(578, 11),
(579, 1),
(580, 2),
(580, 3),
(580, 11),
(581, 7),
(582, 3),
(582, 8),
(583, 1),
(583, 9),
(583, 10),
(584, 4),
(585, 1),
(585, 10),
(587, 6),
(588, 3),
(588, 6),
(589, 1),
(589, 4),
(589, 11),
(590, 3),
(590, 5),
(590, 7),
(592, 3),
(593, 6),
(594, 1),
(594, 2),
(594, 8),
(595, 10),
(596, 3),
(596, 9),
(597, 9),
(598, 1),
(598, 2),
(600, 1),
(600, 9),
(600, 12),
(601, 12),
(602, 1),
(602, 6),
(603, 2),
(604, 1),
(605, 1),
(605, 10),
(605, 12),
(606, 2),
(606, 4),
(606, 10),
(610, 7),
(610, 10),
(610, 11),
(611, 10),
(611, 11),
(612, 4),
(612, 8),
(612, 12),
(613, 6),
(613, 11),
(614, 3),
(614, 8),
(614, 12),
(615, 3),
(615, 4),
(616, 3),
(616, 11),
(617, 3),
(617, 5),
(617, 6),
(619, 1),
(619, 3),
(619, 5),
(620, 4),
(620, 7),
(620, 9),
(621, 3),
(621, 6),
(621, 11),
(622, 7),
(623, 7),
(623, 8),
(623, 11),
(624, 6),
(624, 7),
(624, 8),
(625, 6),
(625, 11),
(626, 3),
(626, 4),
(626, 9),
(627, 4),
(628, 10),
(629, 12),
(630, 8),
(630, 9),
(631, 5),
(631, 6),
(631, 11),
(632, 7),
(633, 8),
(635, 5),
(635, 7),
(635, 10),
(637, 4),
(638, 3),
(638, 9),
(639, 3),
(639, 7),
(639, 9),
(640, 1),
(640, 4),
(640, 7),
(641, 5),
(642, 11),
(643, 3),
(643, 4),
(643, 10),
(644, 4),
(644, 6),
(644, 8),
(645, 8),
(646, 10),
(646, 12),
(654, 2),
(654, 6),
(655, 3),
(655, 4),
(656, 5),
(658, 6),
(658, 10),
(659, 3),
(659, 6),
(659, 8),
(660, 2),
(660, 5),
(661, 3),
(662, 7),
(664, 3),
(664, 9),
(664, 11),
(665, 4),
(665, 5),
(665, 12),
(667, 8),
(670, 7),
(671, 3),
(671, 7),
(671, 8),
(673, 8),
(673, 10),
(674, 8),
(676, 6),
(676, 10),
(676, 11),
(677, 2),
(677, 6),
(679, 3),
(680, 7),
(680, 11),
(681, 2),
(682, 11),
(683, 2),
(683, 5),
(684, 8),
(684, 10),
(686, 3),
(686, 5),
(686, 6),
(687, 9),
(688, 1),
(688, 9),
(689, 1),
(689, 3),
(689, 6),
(690, 12),
(691, 5),
(691, 8),
(692, 1),
(692, 5),
(692, 6),
(693, 2),
(693, 6),
(693, 11),
(695, 10),
(698, 4),
(698, 7),
(699, 1),
(699, 7),
(699, 12),
(700, 7),
(700, 12),
(701, 6),
(701, 9),
(702, 3),
(702, 6),
(702, 7),
(703, 5),
(703, 12),
(704, 8),
(705, 2),
(705, 5),
(706, 2),
(706, 6),
(706, 11),
(709, 2),
(710, 2),
(711, 6),
(713, 10),
(714, 2),
(718, 2),
(718, 10),
(719, 10),
(720, 2),
(720, 6),
(720, 11),
(723, 4),
(725, 2),
(728, 4),
(728, 11),
(728, 12),
(731, 6),
(731, 9),
(731, 11),
(732, 8),
(733, 12),
(734, 3),
(734, 8),
(734, 10),
(735, 11),
(735, 12),
(737, 1),
(737, 3),
(737, 9),
(739, 4),
(740, 3),
(740, 9),
(741, 12),
(744, 3),
(745, 3),
(745, 4),
(746, 5),
(746, 10),
(746, 11),
(747, 5),
(747, 9),
(747, 11),
(748, 7),
(749, 4),
(749, 6),
(751, 3),
(751, 5),
(755, 1),
(755, 6),
(755, 10),
(756, 2),
(756, 8),
(756, 11),
(759, 6),
(759, 10),
(761, 6),
(761, 12),
(762, 6),
(762, 8),
(762, 12),
(763, 5),
(763, 6),
(763, 8),
(764, 4),
(765, 1),
(766, 7),
(766, 8),
(767, 6),
(767, 7),
(767, 8),
(768, 3),
(768, 8),
(768, 11),
(769, 1),
(769, 3),
(769, 7),
(770, 7),
(770, 11),
(771, 7),
(772, 1),
(772, 7),
(773, 3),
(774, 4),
(777, 3),
(777, 5),
(777, 8),
(778, 1),
(778, 4),
(779, 3),
(779, 5),
(779, 7),
(780, 4),
(780, 12),
(781, 7),
(781, 8),
(781, 10),
(782, 1),
(782, 3),
(782, 8),
(783, 2),
(783, 12),
(784, 8),
(784, 12),
(785, 3),
(785, 4),
(786, 4),
(786, 7),
(786, 8),
(788, 3),
(788, 11),
(789, 5),
(789, 11),
(790, 2),
(790, 10),
(790, 12),
(791, 9),
(792, 6),
(792, 12),
(793, 6),
(794, 1),
(794, 2),
(794, 8),
(795, 4),
(795, 7),
(796, 6),
(797, 6),
(798, 5),
(798, 6),
(798, 9),
(799, 4),
(799, 12),
(800, 6),
(801, 12),
(802, 4),
(803, 1),
(803, 8),
(803, 10),
(804, 2),
(804, 9),
(805, 3),
(805, 6),
(805, 10),
(807, 5),
(807, 8),
(807, 10),
(809, 4),
(809, 5),
(809, 7),
(810, 6),
(812, 1),
(812, 4),
(812, 12),
(813, 6),
(813, 10),
(814, 3),
(814, 5),
(814, 9),
(815, 6),
(815, 8),
(816, 11),
(817, 10),
(819, 1),
(819, 12),
(820, 9),
(821, 4),
(821, 7),
(822, 1),
(822, 5),
(822, 12),
(823, 3),
(823, 4),
(824, 1),
(824, 12),
(825, 2),
(825, 6),
(825, 8),
(826, 8),
(827, 3),
(827, 9),
(827, 10),
(828, 2),
(828, 5),
(828, 6),
(829, 4),
(829, 5),
(829, 10),
(830, 3),
(830, 5),
(830, 10),
(831, 6),
(835, 8),
(835, 9),
(836, 3),
(836, 6),
(837, 1),
(837, 7),
(837, 9),
(838, 3),
(838, 7),
(839, 1),
(839, 10),
(840, 6),
(840, 10),
(843, 8),
(846, 3),
(848, 12),
(849, 2),
(850, 6),
(850, 12),
(852, 2),
(852, 6),
(852, 8),
(853, 1),
(853, 9),
(853, 12),
(854, 3),
(854, 7),
(854, 11),
(856, 8),
(857, 2),
(858, 4),
(858, 12),
(862, 8),
(865, 4),
(866, 3),
(867, 6),
(867, 7),
(868, 1),
(868, 5),
(868, 9),
(869, 1),
(869, 7),
(869, 11),
(872, 10),
(874, 4),
(875, 1),
(875, 2),
(875, 6),
(876, 3),
(876, 9),
(877, 3),
(877, 4),
(877, 9),
(879, 5),
(879, 9),
(880, 7),
(880, 9),
(881, 4),
(882, 4),
(882, 6),
(883, 5),
(883, 7),
(885, 1),
(885, 8),
(886, 9),
(886, 10),
(886, 11),
(887, 2),
(887, 3),
(887, 4),
(889, 2),
(889, 4),
(889, 11),
(890, 11),
(890, 12),
(891, 10),
(892, 6),
(892, 8),
(894, 10),
(895, 4),
(895, 9),
(897, 1),
(897, 4),
(898, 6),
(899, 8),
(900, 6),
(900, 8),
(900, 12),
(901, 3),
(901, 8),
(901, 10),
(902, 5),
(902, 9),
(902, 10),
(903, 2),
(909, 1),
(909, 5),
(910, 3),
(910, 7),
(910, 10),
(913, 4),
(913, 11),
(914, 7),
(915, 2),
(915, 5),
(916, 1),
(916, 5),
(916, 11),
(919, 3),
(919, 5),
(920, 1),
(920, 2),
(920, 4),
(921, 1),
(921, 2),
(921, 3),
(923, 8),
(924, 1),
(924, 5),
(925, 2),
(925, 3),
(925, 4),
(927, 1),
(927, 7),
(927, 11),
(929, 7),
(929, 8),
(929, 12),
(930, 1),
(933, 5),
(933, 12),
(934, 1),
(934, 4),
(934, 5),
(935, 4),
(935, 12),
(936, 1),
(936, 11),
(936, 12),
(937, 4),
(937, 8),
(937, 9),
(939, 2),
(939, 6),
(940, 8),
(940, 12),
(941, 6),
(942, 9),
(942, 12),
(943, 6),
(944, 3),
(944, 7),
(945, 6),
(945, 8),
(945, 12),
(946, 3),
(946, 11),
(947, 7),
(947, 9),
(947, 11),
(948, 2),
(948, 7),
(949, 3),
(949, 6),
(950, 8),
(950, 11),
(951, 3),
(951, 9),
(951, 11),
(953, 9),
(953, 11),
(954, 10),
(955, 9),
(955, 11),
(956, 10),
(957, 4),
(958, 2),
(958, 7),
(958, 12),
(962, 9),
(962, 11),
(963, 12),
(964, 11),
(965, 2),
(965, 8),
(966, 6),
(966, 12),
(967, 7),
(967, 9),
(967, 11),
(968, 10),
(969, 7),
(969, 12),
(971, 11),
(972, 1),
(972, 3),
(972, 4),
(974, 2),
(974, 3),
(974, 5),
(975, 7),
(976, 4),
(976, 9),
(978, 1),
(981, 2),
(981, 4),
(982, 11),
(985, 2),
(985, 8),
(986, 6),
(986, 7),
(986, 11),
(988, 6),
(988, 7),
(989, 4),
(989, 5),
(990, 8),
(990, 10),
(990, 12),
(992, 1),
(992, 6),
(992, 8),
(993, 1),
(993, 5),
(994, 2),
(994, 7),
(994, 9),
(995, 10),
(995, 11),
(995, 12),
(996, 8),
(996, 11),
(998, 1),
(998, 2),
(998, 8),
(999, 2),
(999, 5),
(999, 9),
(1001, 12),
(1003, 4),
(1003, 6),
(1003, 7),
(1004, 1),
(1004, 5),
(1004, 6),
(1005, 4),
(1005, 7),
(1005, 10),
(1008, 10),
(1010, 2),
(1010, 3),
(1010, 9),
(1011, 5),
(1011, 7),
(1011, 10),
(1013, 2),
(1013, 10),
(1014, 3),
(1014, 5),
(1014, 8),
(1015, 1),
(1016, 6),
(1016, 10),
(1017, 2),
(1017, 3),
(1017, 11),
(1019, 8),
(1020, 1),
(1020, 4),
(1020, 7),
(1021, 7),
(1023, 3),
(1023, 4),
(1024, 10),
(1024, 11),
(1025, 2),
(1025, 4),
(1025, 8),
(1027, 3),
(1028, 12),
(1030, 6),
(1030, 7),
(1030, 8),
(1032, 9),
(1032, 11),
(1034, 1),
(1034, 5),
(1034, 8),
(1035, 2),
(1035, 7),
(1035, 9),
(1038, 6),
(1038, 11),
(1039, 4),
(1039, 7),
(1039, 9),
(1040, 2),
(1042, 2),
(1043, 11),
(1044, 8),
(1045, 5),
(1045, 9),
(1046, 2),
(1046, 3),
(1046, 11),
(1047, 1),
(1047, 2),
(1047, 9),
(1048, 4),
(1049, 5),
(1050, 12),
(1051, 1),
(1051, 6),
(1051, 12),
(1054, 9),
(1054, 10),
(1056, 3),
(1056, 6),
(1057, 8),
(1058, 4),
(1059, 4),
(1059, 8),
(1059, 12),
(1061, 7),
(1063, 11),
(1064, 9),
(1065, 2),
(1066, 2),
(1066, 9),
(1066, 10),
(1067, 4),
(1068, 4),
(1068, 6),
(1068, 11),
(1069, 1),
(1069, 7),
(1070, 1),
(1070, 6),
(1070, 7),
(1072, 11),
(1073, 7),
(1073, 8),
(1074, 12),
(1075, 8),
(1076, 3),
(1076, 11),
(1076, 12),
(1077, 10),
(1078, 2),
(1078, 8),
(1079, 1),
(1079, 7),
(1079, 10),
(1082, 11),
(1084, 5),
(1084, 7),
(1085, 8),
(1085, 11),
(1086, 5),
(1086, 9),
(1087, 5),
(1087, 8),
(1088, 7),
(1088, 9),
(1088, 10),
(1089, 8),
(1090, 2),
(1090, 8),
(1091, 9),
(1091, 12),
(1093, 5),
(1093, 11),
(1094, 5),
(1094, 10),
(1095, 6),
(1096, 4),
(1096, 10),
(1097, 6),
(1098, 4),
(1098, 6),
(1099, 5),
(1099, 10),
(1099, 12),
(1100, 4),
(1100, 11),
(1100, 12),
(1101, 12),
(1102, 4),
(1102, 11),
(1103, 9),
(1103, 12),
(1104, 4),
(1104, 8),
(1105, 2),
(1106, 4),
(1106, 11),
(1107, 10),
(1108, 3),
(1108, 11),
(1109, 4),
(1109, 6),
(1109, 7),
(1110, 5),
(1110, 10),
(1110, 12),
(1111, 3),
(1111, 6),
(1111, 9),
(1112, 2),
(1112, 10),
(1113, 2),
(1113, 7),
(1114, 1),
(1114, 2),
(1114, 4),
(1115, 8),
(1115, 12),
(1116, 9),
(1116, 10),
(1117, 1),
(1117, 4),
(1117, 5),
(1118, 8),
(1118, 10),
(1118, 11),
(1120, 6),
(1120, 7),
(1120, 12),
(1122, 3),
(1124, 1),
(1124, 12),
(1126, 2),
(1126, 9),
(1127, 2),
(1127, 3),
(1128, 1),
(1128, 4),
(1128, 10),
(1132, 5),
(1132, 10),
(1133, 4),
(1133, 7),
(1134, 4),
(1135, 6),
(1135, 9),
(1136, 3),
(1138, 3),
(1138, 4),
(1139, 4),
(1139, 9),
(1139, 10),
(1141, 2),
(1142, 2),
(1142, 8),
(1144, 7),
(1145, 4),
(1146, 3),
(1146, 10),
(1146, 11),
(1147, 5),
(1150, 11),
(1151, 7),
(1151, 10),
(1152, 4),
(1152, 8),
(1152, 11),
(1155, 8),
(1155, 11),
(1155, 12),
(1156, 12),
(1157, 1),
(1157, 7),
(1157, 10),
(1158, 4),
(1158, 11),
(1159, 6),
(1159, 7),
(1159, 9),
(1160, 1),
(1160, 8),
(1161, 4),
(1161, 8),
(1161, 10),
(1162, 2),
(1162, 3),
(1163, 3),
(1163, 4),
(1163, 7),
(1164, 6),
(1165, 5),
(1165, 7),
(1166, 12),
(1167, 4),
(1167, 7),
(1168, 1),
(1168, 10),
(1168, 11),
(1169, 11),
(1171, 1),
(1171, 7),
(1171, 12),
(1172, 6),
(1172, 7),
(1174, 7),
(1174, 8),
(1174, 12),
(1176, 4),
(1176, 5),
(1176, 6),
(1177, 5),
(1177, 6),
(1178, 3),
(1178, 4),
(1178, 12),
(1179, 1),
(1180, 1),
(1180, 4),
(1180, 6),
(1182, 2),
(1184, 2),
(1184, 9),
(1185, 3),
(1185, 8),
(1186, 3),
(1186, 7),
(1187, 3),
(1187, 4),
(1188, 3),
(1188, 5),
(1188, 9),
(1190, 2),
(1192, 5),
(1193, 3),
(1193, 4),
(1193, 7),
(1195, 10),
(1199, 3),
(1199, 9);

-- --------------------------------------------------------

--
-- Struktura tabulky `plays`
--

CREATE TABLE `plays` (
  `id_play` bigint(20) NOT NULL,
  `id_player` int(11) NOT NULL,
  `id_beatmap` int(11) NOT NULL,
  `score` int(11) NOT NULL,
  `max_combo` int(11) NOT NULL,
  `accuracy` float NOT NULL,
  `rank` enum('SS','SSH','S','SH','A','B','C','D') NOT NULL,
  `date_played` datetime NOT NULL,
  `perfect` tinyint(1) NOT NULL DEFAULT 0
) ENGINE=InnoDB DEFAULT CHARSET=utf8 COLLATE=utf8_general_ci;

--
-- Vypisuji data pro tabulku `plays`
--

INSERT INTO `plays` (`id_play`, `id_player`, `id_beatmap`, `score`, `max_combo`, `accuracy`, `rank`, `date_played`, `perfect`) VALUES
(1, 51, 185, 931631, 427, 93.18, 'SH', '2025-10-25 07:33:44', 0),
(2, 61, 325, 456251, 2659, 50.75, 'A', '2025-11-06 14:02:52', 0),
(3, 102, 405, 255897, 74, 98.44, 'D', '2025-03-16 11:55:11', 0),
(4, 40, 191, 809239, 734, 62.44, 'D', '2024-08-02 20:49:53', 0),
(5, 159, 174, 977065, 492, 52.99, 'S', '2025-01-31 23:44:52', 0),
(6, 28, 65, 512540, 1907, 65.84, 'B', '2023-12-03 13:22:58', 0),
(7, 113, 376, 203338, 175, 84.46, 'B', '2024-09-03 17:41:45', 0),
(8, 65, 21, 509876, 3585, 77.95, 'D', '2025-05-05 12:00:15', 0),
(9, 48, 279, 365552, 2652, 86.62, 'A', '2025-08-26 20:51:12', 0),
(10, 154, 441, 582456, 1314, 53.44, 'S', '2025-08-08 22:34:11', 0),
(11, 68, 278, 385945, 3720, 50.04, 'C', '2025-05-26 10:28:11', 0),
(12, 5, 318, 899450, 2983, 88.8, 'SH', '2025-10-01 16:25:22', 0),
(13, 17, 338, 566136, 3175, 59.49, 'D', '2024-12-26 14:18:25', 0),
(14, 40, 314, 297882, 2643, 70.49, 'B', '2025-01-07 03:23:33', 0),
(15, 134, 338, 70918, 359, 91.76, 'S', '2025-04-19 05:36:30', 0),
(16, 9, 104, 113255, 3977, 59.58, 'SS', '2025-07-13 23:09:27', 0),
(17, 100, 337, 514707, 4308, 81.2, 'A', '2025-11-09 12:05:50', 0),
(18, 57, 311, 753715, 581, 50.65, 'SH', '2024-08-13 04:29:09', 0),
(19, 21, 240, 840930, 498, 68.05, 'C', '2025-04-24 22:13:47', 0),
(20, 182, 30, 864652, 2178, 76.45, 'SSH', '2024-09-22 08:26:32', 0),
(21, 20, 111, 545719, 796, 55.06, 'SH', '2025-07-15 07:24:15', 0),
(22, 49, 99, 552752, 2038, 78.5, 'S', '2024-08-01 14:11:14', 0),
(23, 143, 213, 783351, 865, 88.31, 'B', '2024-05-31 02:45:01', 0),
(24, 180, 341, 448820, 853, 58.34, 'S', '2024-07-27 01:30:31', 0),
(25, 130, 173, 690472, 1296, 76.7, 'D', '2024-01-29 04:21:36', 0),
(26, 81, 282, 341424, 3046, 70.62, 'C', '2025-11-22 20:34:24', 0),
(27, 83, 312, 253415, 4614, 77.28, 'C', '2024-12-31 17:46:23', 0),
(28, 191, 131, 378496, 3707, 72.37, 'C', '2025-01-16 04:59:03', 1),
(29, 9, 146, 625702, 134, 75.88, 'A', '2025-09-18 07:05:18', 1),
(30, 57, 110, 898287, 2580, 51.09, 'A', '2025-05-10 11:26:52', 0),
(31, 131, 285, 599388, 4683, 57.74, 'SS', '2024-01-30 02:14:03', 0),
(32, 40, 71, 278860, 3008, 94.48, 'SH', '2025-07-30 15:50:43', 0),
(33, 77, 48, 599199, 3276, 78.45, 'SH', '2025-05-07 18:15:34', 0),
(34, 186, 167, 832420, 3953, 58.65, 'SSH', '2024-11-19 23:32:42', 0),
(35, 77, 20, 767288, 4721, 69.08, 'SS', '2024-05-08 00:54:23', 0),
(36, 86, 179, 923529, 3558, 70.83, 'SSH', '2024-10-24 05:53:49', 0),
(37, 59, 383, 685488, 4935, 96.43, 'C', '2025-03-28 12:44:10', 0),
(38, 135, 22, 335827, 4424, 78.25, 'B', '2025-05-23 05:36:49', 0),
(39, 57, 79, 53973, 3219, 98.55, 'SSH', '2024-12-10 14:43:16', 0),
(40, 75, 403, 414477, 1213, 56.61, 'SSH', '2023-12-31 05:34:33', 0),
(41, 191, 26, 575779, 3271, 63.13, 'C', '2025-08-24 18:55:21', 0),
(42, 199, 358, 137708, 1105, 74.05, 'SH', '2025-11-06 06:48:08', 0),
(43, 167, 293, 206625, 4598, 80.8, 'SH', '2025-09-26 12:48:36', 0),
(44, 69, 398, 451956, 2650, 84.24, 'SSH', '2023-12-16 02:39:20', 0),
(45, 106, 217, 384010, 2854, 59.52, 'B', '2025-03-26 17:05:03', 0),
(46, 7, 395, 320625, 1387, 99.38, 'D', '2025-09-13 19:03:09', 0),
(47, 113, 23, 970107, 1913, 59.98, 'B', '2025-07-14 23:11:06', 0),
(48, 187, 437, 90982, 921, 86.98, 'SH', '2024-10-07 14:32:47', 0),
(49, 38, 445, 873881, 2357, 50.69, 'SSH', '2025-05-30 21:54:33', 0),
(50, 121, 12, 348997, 1713, 87, 'SH', '2025-02-28 09:06:17', 0),
(51, 134, 385, 272222, 4496, 74.15, 'S', '2025-06-11 17:25:45', 0),
(52, 172, 10, 395900, 4776, 95.3, 'SS', '2024-11-20 07:40:35', 0),
(53, 16, 146, 211445, 2223, 52.65, 'SS', '2025-05-29 00:29:00', 0),
(54, 170, 139, 696186, 2951, 93.21, 'SS', '2025-06-26 19:53:23', 0),
(55, 167, 198, 243397, 3119, 75.43, 'SSH', '2025-07-07 22:59:22', 0),
(56, 125, 444, 627111, 4355, 54.4, 'SH', '2024-01-02 16:31:04', 0),
(57, 118, 288, 972348, 177, 51.99, 'A', '2025-07-11 22:50:21', 0),
(58, 101, 382, 165631, 151, 67.34, 'B', '2024-02-01 10:16:04', 0),
(59, 78, 121, 526600, 2260, 90.59, 'A', '2025-03-13 03:12:14', 0),
(60, 8, 285, 996220, 2296, 61.28, 'B', '2025-01-15 23:00:40', 0),
(61, 169, 71, 93059, 3132, 76.04, 'SH', '2024-12-07 17:11:10', 0),
(62, 147, 79, 448180, 2560, 95.49, 'B', '2024-08-08 20:22:01', 0),
(63, 34, 106, 685167, 1136, 79.05, 'SH', '2024-02-28 23:43:50', 0),
(64, 80, 353, 740389, 4292, 95.48, 'C', '2025-11-21 13:03:28', 0),
(65, 198, 75, 689108, 4628, 95.86, 'B', '2025-04-30 23:06:32', 0),
(66, 137, 369, 125138, 1509, 65.88, 'S', '2024-07-12 11:03:26', 0),
(67, 196, 164, 923885, 3392, 98.06, 'A', '2024-09-15 07:43:52', 0),
(68, 164, 379, 288096, 1245, 88.96, 'SSH', '2025-09-22 14:46:08', 0),
(69, 7, 391, 642709, 2187, 80.28, 'SH', '2025-10-05 05:41:16', 0),
(70, 60, 352, 28351, 2944, 53.97, 'D', '2025-05-28 22:28:08', 0),
(71, 155, 241, 747606, 3064, 59.2, 'C', '2024-10-10 20:03:09', 0),
(72, 36, 84, 203647, 1854, 51.61, 'SS', '2025-07-22 05:46:25', 0),
(73, 106, 114, 779427, 1662, 87.89, 'SSH', '2025-05-25 15:34:48', 0),
(74, 113, 444, 648033, 4014, 84.39, 'D', '2025-05-27 01:43:28', 0),
(75, 110, 208, 814920, 343, 80.4, 'C', '2025-11-25 16:11:26', 0),
(76, 101, 314, 985758, 4686, 79.69, 'SS', '2024-10-24 20:50:56', 0),
(77, 116, 234, 868182, 348, 93.89, 'SH', '2025-03-03 09:12:51', 0),
(78, 102, 377, 42158, 4569, 69.37, 'SS', '2024-05-27 21:54:14', 0),
(79, 113, 204, 928358, 2495, 88.68, 'A', '2024-12-12 09:09:17', 0),
(80, 109, 151, 643917, 447, 84.5, 'S', '2025-07-04 10:35:22', 0),
(81, 166, 232, 95834, 4102, 55.66, 'S', '2024-12-05 07:59:16', 0),
(82, 83, 231, 27122, 1466, 72.68, 'SH', '2025-11-12 12:21:28', 0),
(83, 24, 129, 340817, 1344, 85.92, 'SSH', '2025-08-02 07:14:49', 0),
(84, 181, 231, 665873, 2974, 54.27, 'C', '2024-08-29 05:54:29', 0),
(85, 131, 314, 996889, 1310, 68.93, 'C', '2025-08-07 22:43:30', 0),
(86, 44, 172, 593960, 1230, 58.11, 'S', '2025-09-24 09:10:54', 0),
(87, 183, 27, 440963, 2524, 65.48, 'D', '2024-03-23 23:17:31', 0),
(88, 47, 61, 943189, 1078, 98.02, 'SS', '2024-10-06 11:45:14', 0),
(89, 65, 7, 481921, 4077, 92.77, 'SS', '2024-03-07 20:54:24', 0),
(90, 127, 122, 228408, 4824, 82.97, 'D', '2025-05-10 18:21:53', 0),
(91, 21, 308, 630252, 54, 62.24, 'A', '2025-07-23 14:39:07', 0),
(92, 143, 420, 866339, 1701, 52.45, 'S', '2024-03-31 06:44:25', 0),
(93, 90, 19, 153436, 266, 83.35, 'A', '2025-06-03 22:16:40', 0),
(94, 23, 26, 115176, 3416, 99.69, 'S', '2024-02-11 12:06:12', 0),
(95, 157, 339, 726104, 4874, 78.61, 'S', '2025-10-15 12:47:01', 0),
(96, 192, 297, 378685, 294, 54.66, 'A', '2025-03-06 02:16:24', 0),
(97, 98, 420, 71953, 3501, 92.17, 'SSH', '2024-10-28 18:02:38', 0),
(98, 35, 63, 729361, 2249, 66.46, 'C', '2025-07-10 10:37:34', 0),
(99, 179, 108, 642784, 477, 55.47, 'SSH', '2025-03-26 20:38:57', 0),
(100, 177, 310, 980256, 2353, 71.35, 'B', '2025-10-17 01:21:46', 0),
(101, 148, 320, 372042, 1063, 80.71, 'D', '2025-03-14 23:26:56', 0),
(102, 162, 255, 517428, 1474, 94.18, 'SH', '2025-09-18 01:02:26', 0),
(103, 50, 1, 124949, 197, 73.24, 'SSH', '2024-03-07 18:30:49', 0),
(104, 54, 410, 646197, 3397, 70.7, 'B', '2025-05-26 05:45:13', 0),
(105, 164, 109, 12846, 1649, 84.5, 'A', '2024-07-04 11:25:37', 0),
(106, 79, 154, 532302, 4506, 66.2, 'SS', '2024-11-02 07:43:21', 0),
(107, 86, 175, 416287, 4661, 80.8, 'SS', '2025-07-22 23:00:09', 0),
(108, 50, 170, 875329, 2769, 96.11, 'D', '2024-10-16 17:08:47', 0),
(109, 10, 331, 143348, 3945, 57.77, 'D', '2024-11-11 07:20:42', 0),
(110, 138, 172, 485935, 3392, 96.39, 'SS', '2025-11-15 12:18:26', 0),
(111, 77, 290, 761180, 2585, 77.76, 'SS', '2024-01-30 09:07:42', 0),
(112, 176, 170, 839373, 2897, 53.31, 'S', '2025-02-01 00:55:36', 0),
(113, 8, 174, 394468, 4377, 92.12, 'C', '2024-10-30 19:38:29', 0),
(114, 30, 443, 821347, 2526, 85.26, 'B', '2024-10-12 04:25:00', 0),
(115, 70, 212, 92014, 4072, 93.85, 'B', '2025-01-31 18:57:34', 0),
(116, 78, 111, 551607, 2477, 58.75, 'B', '2024-08-13 08:42:09', 0),
(117, 200, 104, 958720, 759, 72.19, 'SS', '2025-08-14 16:00:42', 0),
(118, 129, 79, 200451, 2787, 96.18, 'A', '2024-05-29 18:51:19', 0),
(119, 37, 394, 915147, 805, 91.11, 'S', '2025-09-27 17:24:22', 0),
(120, 10, 236, 407415, 4280, 55.79, 'A', '2025-10-19 18:16:04', 0),
(121, 176, 435, 624155, 714, 66.66, 'SS', '2025-08-03 07:08:59', 0),
(122, 197, 338, 782770, 2560, 51.12, 'A', '2024-03-02 14:08:44', 0),
(123, 54, 165, 211297, 1578, 64.33, 'B', '2025-02-04 02:52:16', 0),
(124, 172, 61, 286898, 1224, 57.87, 'SSH', '2024-04-14 07:20:29', 1),
(125, 160, 287, 540031, 839, 60.33, 'B', '2025-03-09 22:35:29', 0),
(126, 70, 73, 990098, 2321, 78.7, 'S', '2024-09-27 04:10:51', 0),
(127, 157, 174, 567836, 3635, 52.54, 'SS', '2025-06-21 14:16:27', 0),
(128, 173, 26, 112072, 3143, 52.69, 'C', '2025-10-02 08:08:51', 0),
(129, 181, 306, 935570, 4856, 81.47, 'D', '2024-06-12 10:03:27', 0),
(130, 80, 171, 858150, 1624, 85.64, 'SSH', '2025-01-05 10:14:51', 0),
(131, 194, 392, 489316, 4652, 56.59, 'D', '2024-08-20 10:06:11', 0),
(132, 80, 351, 676721, 3813, 73.53, 'SH', '2024-11-17 04:48:17', 0),
(133, 158, 133, 958204, 2978, 69.6, 'B', '2024-04-25 09:51:34', 0),
(134, 84, 233, 512187, 248, 53.27, 'SSH', '2025-01-13 09:38:28', 0),
(135, 119, 434, 180098, 2313, 88.4, 'S', '2025-10-04 05:52:17', 0),
(136, 104, 419, 749969, 877, 66.29, 'SSH', '2025-04-23 09:12:34', 0),
(137, 137, 237, 421286, 4838, 70.67, 'SH', '2025-01-01 14:50:06', 0),
(138, 124, 197, 70268, 2792, 60.41, 'C', '2024-08-25 21:24:34', 0),
(139, 112, 291, 826571, 2804, 77.23, 'SH', '2024-07-10 21:50:50', 0),
(140, 172, 40, 776282, 4704, 91.84, 'SSH', '2024-10-25 23:54:45', 0),
(141, 119, 167, 583051, 800, 91.1, 'S', '2024-06-05 22:56:05', 0),
(142, 104, 36, 628320, 891, 84.28, 'C', '2024-07-23 22:45:37', 0),
(143, 166, 339, 65468, 742, 60.88, 'S', '2024-02-27 01:58:09', 0),
(144, 194, 326, 850178, 2, 87.85, 'S', '2024-07-05 22:35:13', 0),
(145, 75, 200, 646474, 4735, 72.36, 'SH', '2025-01-23 18:56:15', 0),
(146, 82, 154, 598978, 2495, 95.93, 'C', '2023-12-18 17:59:44', 0),
(147, 89, 46, 612033, 67, 80.57, 'C', '2024-08-20 09:45:22', 0),
(148, 76, 32, 388158, 4497, 98.39, 'SS', '2023-12-06 07:09:19', 0),
(149, 92, 57, 904083, 2312, 93.28, 'SH', '2024-07-21 23:35:33', 0),
(150, 152, 202, 656584, 2607, 85.59, 'C', '2024-09-23 13:38:52', 0),
(151, 140, 109, 695668, 1421, 73.74, 'SH', '2025-01-17 04:31:25', 0),
(152, 93, 431, 438503, 1264, 64.42, 'S', '2024-05-02 06:10:16', 0),
(153, 19, 332, 17470, 1180, 86.07, 'D', '2025-11-11 01:21:29', 0),
(154, 35, 44, 144885, 3407, 93.01, 'C', '2025-07-23 10:47:51', 0),
(155, 117, 261, 445726, 4523, 91, 'C', '2025-07-10 04:07:07', 0),
(156, 48, 218, 634941, 61, 78.9, 'SH', '2024-05-27 12:05:59', 0),
(157, 69, 211, 972573, 4475, 78.82, 'SS', '2024-03-09 09:04:16', 0),
(158, 146, 248, 740122, 3020, 55.66, 'D', '2025-05-28 18:43:17', 0),
(159, 21, 73, 766654, 4313, 99.18, 'A', '2024-06-04 16:02:58', 0),
(160, 21, 268, 934144, 4998, 54.42, 'D', '2025-01-19 02:42:44', 0),
(161, 170, 343, 82874, 4418, 89.9, 'A', '2024-05-06 08:39:15', 0),
(162, 88, 274, 817344, 89, 73.44, 'D', '2024-03-27 16:15:19', 0),
(163, 85, 216, 371057, 2414, 64.46, 'SS', '2025-07-27 18:38:33', 0),
(164, 153, 384, 319841, 4618, 63.02, 'D', '2025-11-23 08:58:36', 0),
(165, 147, 27, 689201, 2391, 90.44, 'SS', '2025-09-01 06:18:17', 0),
(166, 22, 65, 531155, 630, 92.57, 'A', '2024-04-20 23:14:51', 0),
(167, 158, 144, 289586, 2105, 50.71, 'SSH', '2025-04-14 13:06:30', 0),
(168, 152, 379, 159477, 3659, 68.49, 'S', '2025-10-03 19:22:33', 0),
(169, 180, 121, 509473, 1482, 89.97, 'SS', '2024-05-26 19:41:33', 0),
(170, 22, 75, 625473, 1263, 91.88, 'C', '2025-04-24 01:37:08', 0),
(171, 61, 339, 462567, 1371, 60.54, 'B', '2025-09-03 00:01:59', 0),
(172, 68, 387, 860340, 951, 52.63, 'D', '2024-02-16 00:39:08', 0),
(173, 78, 244, 783395, 4363, 61.68, 'C', '2024-07-28 06:06:18', 0),
(174, 38, 272, 913552, 3562, 50.59, 'D', '2025-04-29 00:19:13', 0),
(175, 81, 272, 717047, 337, 54.87, 'B', '2024-02-23 22:51:58', 0),
(176, 111, 313, 963636, 2234, 66.75, 'A', '2025-07-01 05:50:31', 0),
(177, 66, 336, 613553, 3205, 73.06, 'SH', '2025-05-07 00:06:12', 0),
(178, 151, 395, 205394, 4260, 66.87, 'S', '2025-07-28 19:10:30', 0),
(179, 3, 345, 9887, 557, 50.6, 'SSH', '2025-04-14 00:29:46', 0),
(180, 176, 229, 369591, 1798, 86.26, 'A', '2025-07-12 20:09:54', 0),
(181, 7, 318, 97407, 466, 96.93, 'SH', '2025-04-12 12:19:55', 0),
(182, 164, 63, 743470, 983, 54.32, 'S', '2024-04-23 22:16:54', 0),
(183, 196, 332, 594566, 1514, 94.8, 'S', '2024-02-28 23:17:08', 0),
(184, 120, 339, 982658, 621, 81.94, 'A', '2025-01-26 03:57:01', 0),
(185, 178, 342, 808278, 2650, 62.87, 'SSH', '2024-02-02 14:55:21', 0),
(186, 16, 196, 408466, 2726, 99.8, 'A', '2025-02-25 14:11:53', 0),
(187, 68, 92, 462976, 569, 74.59, 'SH', '2023-12-04 09:29:52', 0),
(188, 46, 331, 516959, 889, 57.19, 'C', '2025-03-13 21:48:47', 0),
(189, 165, 55, 957940, 3618, 85.77, 'SSH', '2024-02-20 07:11:08', 0),
(190, 19, 293, 763886, 2053, 88.86, 'SS', '2024-04-01 23:34:56', 0),
(191, 39, 335, 672440, 8, 96.64, 'C', '2024-05-11 05:58:44', 0),
(192, 180, 169, 949560, 3206, 78.73, 'D', '2024-07-11 10:06:37', 0),
(193, 104, 433, 764119, 575, 77.01, 'SS', '2024-11-05 10:05:13', 0),
(194, 177, 419, 818710, 3950, 56.06, 'B', '2025-01-19 17:31:27', 0),
(195, 78, 206, 58875, 743, 68.27, 'B', '2025-01-13 04:11:03', 0),
(196, 118, 390, 804741, 2376, 82.39, 'S', '2024-06-24 06:45:46', 0),
(197, 99, 339, 201281, 2449, 84.79, 'SSH', '2025-10-26 02:28:00', 0),
(198, 92, 250, 89984, 3588, 86.77, 'S', '2025-07-16 16:29:58', 0),
(199, 7, 369, 622748, 1954, 74.46, 'SSH', '2023-12-03 03:29:02', 0),
(200, 165, 158, 524956, 4375, 98.25, 'D', '2025-04-16 19:58:45', 0),
(201, 5, 19, 356766, 460, 66.89, 'SS', '2024-01-28 12:03:10', 0),
(202, 55, 414, 686611, 4286, 72.92, 'S', '2023-12-29 22:13:36', 0),
(203, 60, 37, 39669, 1160, 74.44, 'SS', '2023-11-28 11:29:06', 0),
(204, 159, 24, 255471, 1070, 50.72, 'SS', '2024-10-29 10:44:17', 0),
(205, 25, 234, 641916, 1399, 91.77, 'SSH', '2024-07-20 18:40:18', 0),
(206, 28, 59, 522292, 4875, 89.96, 'SH', '2024-11-28 21:26:48', 0),
(207, 52, 219, 354729, 3294, 66.21, 'S', '2025-09-09 03:17:46', 0),
(208, 55, 392, 48800, 4859, 58.67, 'SSH', '2024-05-24 20:59:24', 0),
(209, 37, 388, 436320, 1377, 84.81, 'S', '2024-04-29 02:51:23', 0),
(210, 149, 21, 140849, 819, 89.55, 'C', '2025-06-24 03:06:03', 0),
(211, 5, 250, 85643, 53, 50.36, 'SSH', '2024-08-14 18:22:52', 0),
(212, 152, 146, 437440, 3900, 84.62, 'SH', '2024-12-31 06:29:52', 0),
(213, 70, 268, 473298, 3376, 61.96, 'S', '2025-08-02 17:06:05', 0),
(214, 10, 306, 189744, 4096, 80.6, 'SSH', '2025-04-18 07:31:28', 0),
(215, 78, 179, 440128, 38, 77.89, 'SH', '2024-05-29 15:27:30', 0),
(216, 136, 49, 649985, 2965, 93.14, 'SH', '2024-08-01 03:47:30', 0),
(217, 161, 338, 219217, 2265, 52.65, 'SSH', '2024-02-17 19:10:15', 0),
(218, 176, 433, 956760, 3887, 74.88, 'S', '2025-09-30 21:36:48', 0),
(219, 12, 28, 677185, 2984, 64.25, 'C', '2024-02-19 21:17:59', 0),
(220, 158, 413, 934316, 3713, 52.17, 'SS', '2024-04-26 17:02:24', 0),
(221, 46, 81, 824648, 239, 74.25, 'SSH', '2024-12-01 17:25:14', 0),
(222, 61, 370, 467428, 4856, 78.99, 'C', '2025-02-18 19:30:35', 0),
(223, 174, 167, 242238, 903, 66.31, 'SSH', '2024-02-29 08:57:58', 0),
(224, 106, 446, 210668, 3077, 94.57, 'SSH', '2024-11-23 14:59:05', 0),
(225, 125, 28, 934745, 3571, 57.25, 'D', '2024-01-15 19:02:36', 0),
(226, 96, 70, 480975, 1591, 81.6, 'A', '2024-02-26 22:46:41', 0),
(227, 33, 17, 726835, 4659, 52.98, 'S', '2024-05-18 17:21:55', 0),
(228, 120, 235, 439539, 1403, 88.02, 'SH', '2025-10-01 20:18:44', 0),
(229, 155, 81, 828899, 1393, 78.91, 'SH', '2024-11-03 10:39:56', 0),
(230, 134, 251, 905081, 1774, 79.58, 'D', '2025-07-28 05:38:36', 0),
(231, 187, 220, 772939, 2021, 62.39, 'C', '2024-02-19 09:17:51', 0),
(232, 152, 77, 959141, 4700, 94.91, 'C', '2025-04-15 15:21:04', 0),
(233, 11, 241, 770105, 4131, 51.68, 'C', '2025-04-30 14:37:42', 0),
(234, 179, 421, 103759, 3707, 74.76, 'SSH', '2025-10-20 03:58:47', 0),
(235, 4, 355, 768333, 3332, 97.5, 'S', '2025-09-29 21:17:23', 0),
(236, 62, 332, 96136, 131, 73.99, 'A', '2024-03-16 22:11:47', 0),
(237, 118, 440, 599087, 4782, 51.22, 'D', '2025-04-21 01:47:02', 0),
(238, 36, 448, 738290, 3321, 59.25, 'B', '2024-09-16 01:12:32', 0),
(239, 181, 325, 2429, 580, 69.24, 'B', '2024-06-15 08:28:17', 0),
(240, 76, 219, 790460, 2211, 84.9, 'SH', '2024-05-03 22:57:30', 0),
(241, 21, 318, 924635, 2751, 86.79, 'SS', '2025-02-28 16:57:57', 0),
(242, 173, 187, 932112, 423, 55.55, 'B', '2025-03-22 02:28:15', 0),
(243, 11, 188, 385232, 1436, 82.41, 'SSH', '2024-01-02 04:50:19', 0),
(244, 199, 105, 146129, 2744, 61.93, 'SSH', '2024-07-26 15:42:52', 0),
(245, 189, 386, 609299, 1719, 87.66, 'SH', '2025-02-04 18:42:44', 0),
(246, 69, 258, 714269, 3465, 63.86, 'SSH', '2024-01-14 09:29:50', 0),
(247, 116, 249, 526808, 4315, 91.48, 'D', '2024-09-27 06:30:08', 0),
(248, 174, 423, 559739, 2395, 72.6, 'B', '2023-12-31 08:36:48', 0),
(249, 178, 415, 987579, 538, 59.42, 'D', '2024-08-05 10:48:01', 0),
(250, 101, 92, 303380, 631, 55.47, 'A', '2025-11-13 04:13:28', 0),
(251, 38, 255, 158808, 1674, 76.03, 'SS', '2024-11-25 06:49:08', 0),
(252, 175, 278, 977980, 1082, 73.7, 'C', '2024-04-12 19:37:29', 0),
(253, 166, 11, 306677, 1549, 53.15, 'SH', '2025-09-21 01:59:19', 0),
(254, 134, 331, 353192, 3373, 78.94, 'B', '2024-05-18 04:18:46', 0),
(255, 171, 357, 556919, 4494, 72.26, 'A', '2025-01-04 12:05:24', 0),
(256, 79, 88, 828607, 2130, 61.34, 'B', '2024-03-29 05:34:36', 0),
(257, 198, 433, 50617, 1216, 67.66, 'D', '2024-06-23 23:09:30', 0),
(258, 159, 83, 747389, 4386, 64.26, 'S', '2025-09-03 00:11:41', 0),
(259, 178, 342, 834048, 1258, 58.06, 'SSH', '2024-08-21 12:14:44', 0),
(260, 82, 295, 133617, 3612, 63.02, 'S', '2025-08-26 01:35:45', 0),
(261, 182, 18, 698883, 2597, 98.9, 'S', '2024-05-11 12:31:17', 0),
(262, 139, 84, 560565, 2471, 56.07, 'SS', '2025-01-25 20:15:04', 0),
(263, 128, 394, 153446, 3753, 96.39, 'S', '2024-09-23 22:28:16', 1),
(264, 190, 280, 533056, 2714, 82.36, 'A', '2024-01-13 12:45:09', 0),
(265, 75, 387, 602596, 1205, 89.98, 'D', '2025-02-12 19:44:07', 0),
(266, 29, 375, 503248, 329, 56.97, 'SSH', '2024-04-01 16:34:48', 0),
(267, 103, 317, 882723, 1806, 72.3, 'SSH', '2024-06-20 11:33:46', 0),
(268, 156, 329, 205629, 4780, 76.32, 'A', '2025-10-21 15:13:12', 0),
(269, 22, 276, 891714, 3650, 83.85, 'SSH', '2025-11-19 20:30:59', 0),
(270, 101, 100, 515290, 2604, 80.16, 'SS', '2024-02-01 05:09:20', 0),
(271, 93, 204, 156132, 3504, 68.48, 'B', '2025-10-07 13:25:20', 1),
(272, 89, 180, 324050, 3651, 93.72, 'SSH', '2025-05-16 07:43:43', 0),
(273, 114, 380, 436798, 3625, 64.43, 'C', '2024-09-04 02:10:24', 0),
(274, 107, 72, 877097, 4811, 79.9, 'S', '2025-08-09 00:19:34', 0),
(275, 122, 445, 551818, 2748, 53.31, 'C', '2024-07-01 22:44:24', 0),
(276, 105, 328, 959828, 2240, 70.73, 'D', '2024-10-13 01:48:48', 0),
(277, 194, 71, 209936, 1524, 91.61, 'A', '2024-08-23 22:52:32', 0),
(278, 11, 422, 867384, 2474, 91.73, 'A', '2024-10-09 02:16:31', 0),
(279, 190, 238, 236426, 220, 89.56, 'S', '2024-02-18 07:41:18', 0),
(280, 164, 428, 668482, 3872, 56.21, 'A', '2024-09-06 20:48:39', 0),
(281, 126, 353, 677106, 2005, 51.42, 'A', '2024-03-21 21:53:38', 0),
(282, 18, 307, 782782, 2964, 79.05, 'C', '2025-03-11 06:07:47', 0),
(283, 161, 352, 500164, 980, 68.66, 'SS', '2024-11-14 19:35:34', 0),
(284, 42, 298, 62352, 1198, 65.98, 'S', '2025-04-30 17:55:25', 0),
(285, 14, 140, 379707, 3437, 81.81, 'B', '2025-05-29 17:17:29', 0),
(286, 75, 272, 670983, 630, 75.69, 'S', '2024-03-04 11:05:16', 0),
(287, 154, 386, 176254, 4455, 66.13, 'B', '2025-04-20 00:25:57', 0),
(288, 176, 410, 316697, 2224, 84.27, 'B', '2025-02-20 06:08:07', 0),
(289, 149, 181, 864308, 1178, 50.64, 'A', '2025-01-29 08:48:33', 0),
(290, 125, 211, 357844, 1336, 55.12, 'S', '2024-06-23 10:35:17', 0),
(291, 49, 408, 941632, 4577, 80.67, 'SSH', '2025-08-25 23:32:00', 0),
(292, 20, 60, 859620, 1076, 96.17, 'D', '2025-03-19 07:28:02', 0),
(293, 177, 186, 146766, 3621, 94.49, 'B', '2025-06-04 06:29:38', 0),
(294, 78, 15, 781623, 972, 61.12, 'S', '2025-04-17 09:55:02', 0),
(295, 79, 65, 221034, 1067, 99.06, 'C', '2024-02-17 04:17:13', 0),
(296, 29, 40, 20719, 3968, 87.87, 'SS', '2025-10-17 15:57:42', 0),
(297, 9, 407, 692838, 4207, 79.66, 'D', '2024-02-16 18:22:51', 0),
(298, 65, 23, 70465, 2472, 83.38, 'SSH', '2024-02-17 01:55:54', 0),
(299, 155, 106, 617146, 1639, 59.24, 'B', '2024-02-09 15:13:11', 0),
(300, 38, 434, 783445, 2273, 97.44, 'B', '2024-02-19 07:55:16', 0),
(301, 129, 400, 764944, 1982, 75.25, 'SSH', '2025-02-14 22:18:19', 0),
(302, 149, 391, 15663, 4333, 60.85, 'SH', '2024-06-23 05:04:38', 0),
(303, 44, 387, 564217, 36, 98.68, 'SSH', '2025-01-13 17:44:10', 0),
(304, 130, 436, 743136, 3889, 68.32, 'S', '2025-06-27 23:43:57', 0),
(305, 28, 93, 876290, 2907, 99.07, 'C', '2025-06-29 11:07:52', 0),
(306, 59, 209, 119327, 2575, 56.18, 'SSH', '2024-01-21 19:02:41', 0),
(307, 127, 391, 379798, 2362, 77.86, 'SS', '2023-12-13 13:18:22', 0),
(308, 127, 60, 404472, 2324, 72.85, 'A', '2025-04-15 03:52:33', 0),
(309, 114, 116, 581822, 3337, 64.53, 'C', '2025-10-30 18:03:18', 0),
(310, 18, 431, 842415, 3897, 96.95, 'B', '2024-11-19 01:21:02', 0),
(311, 173, 252, 705743, 862, 69.82, 'SSH', '2024-09-14 16:01:21', 0),
(312, 102, 206, 729799, 4838, 98.88, 'S', '2024-12-15 12:17:37', 0),
(313, 51, 174, 210991, 4874, 92.2, 'C', '2025-06-17 19:07:27', 0),
(314, 109, 372, 524354, 2282, 88.24, 'A', '2024-05-07 13:43:26', 0),
(315, 165, 205, 374395, 3898, 83.33, 'C', '2025-04-19 13:49:12', 0),
(316, 131, 143, 155532, 3725, 55.4, 'A', '2025-11-06 10:43:30', 0),
(317, 60, 322, 989181, 1103, 51.49, 'SS', '2025-04-19 08:05:17', 0),
(318, 128, 348, 29048, 1468, 69.13, 'B', '2024-10-18 07:55:45', 0),
(319, 160, 320, 102013, 627, 83.05, 'D', '2025-11-03 21:57:59', 0),
(320, 52, 151, 695255, 4079, 74.51, 'A', '2024-04-18 11:06:00', 0),
(321, 139, 280, 19528, 259, 99.54, 'SSH', '2024-11-27 07:23:30', 0),
(322, 81, 437, 395617, 3626, 72.98, 'SS', '2025-08-16 12:45:34', 0),
(323, 169, 441, 818241, 2483, 94.24, 'S', '2023-12-16 05:32:03', 0),
(324, 35, 160, 751490, 3188, 74.37, 'SSH', '2024-10-04 18:56:37', 0),
(325, 126, 338, 581684, 4419, 78.61, 'D', '2024-04-18 18:53:45', 0),
(326, 41, 260, 59444, 3207, 63.17, 'C', '2024-11-02 04:56:49', 0),
(327, 91, 393, 299254, 2626, 53.07, 'SS', '2024-07-23 19:04:10', 0),
(328, 94, 179, 849878, 4784, 51.34, 'B', '2025-01-02 14:58:04', 0),
(329, 110, 177, 375725, 3375, 67.56, 'SH', '2024-10-27 16:36:30', 0),
(330, 166, 160, 622314, 696, 95.52, 'SSH', '2024-07-04 01:12:44', 0),
(331, 30, 173, 179026, 162, 76.92, 'SS', '2024-06-06 20:43:13', 0),
(332, 109, 291, 540764, 3451, 63.33, 'D', '2025-02-20 12:26:45', 0),
(333, 82, 194, 599059, 3198, 66.12, 'SSH', '2024-10-19 05:08:43', 0),
(334, 26, 354, 708905, 1687, 66.8, 'B', '2024-08-24 04:49:43', 0),
(335, 77, 187, 458169, 1653, 74.85, 'SSH', '2025-11-01 22:18:48', 0),
(336, 138, 110, 302314, 2173, 52.38, 'C', '2024-12-15 12:24:31', 0),
(337, 160, 381, 97424, 4737, 54.74, 'B', '2024-11-25 12:37:08', 0),
(338, 146, 411, 557860, 3894, 71.36, 'B', '2023-12-02 18:11:30', 0),
(339, 167, 422, 317509, 4135, 90.21, 'C', '2024-01-07 18:30:06', 0),
(340, 81, 103, 435439, 3296, 62.56, 'D', '2024-05-07 00:18:07', 0),
(341, 141, 93, 924687, 153, 81.39, 'S', '2025-09-18 03:14:44', 0),
(342, 55, 339, 864930, 3829, 63.4, 'C', '2025-06-09 19:18:53', 0),
(343, 187, 321, 63790, 4279, 60.03, 'D', '2024-08-14 07:36:32', 0),
(344, 39, 383, 719596, 2460, 92.21, 'C', '2024-03-26 17:07:00', 0),
(345, 17, 325, 214446, 3379, 63.35, 'A', '2024-05-07 22:13:32', 0),
(346, 66, 352, 631437, 1935, 70.29, 'SSH', '2024-05-28 06:46:23', 0),
(347, 8, 126, 836762, 2544, 73.21, 'C', '2025-09-30 20:01:08', 0),
(348, 10, 104, 168099, 2235, 56.82, 'A', '2025-10-20 04:23:48', 0),
(349, 72, 338, 578457, 1442, 82.21, 'SS', '2024-05-23 21:00:19', 0),
(350, 125, 401, 21875, 454, 92.98, 'SSH', '2025-06-15 14:21:53', 0),
(351, 77, 444, 67670, 3335, 94.84, 'SSH', '2023-12-11 08:25:58', 0),
(352, 186, 432, 148388, 1934, 55.6, 'SSH', '2025-02-23 22:40:29', 0),
(353, 149, 397, 977806, 4303, 62.59, 'SSH', '2025-08-18 02:13:48', 0),
(354, 32, 396, 846872, 2568, 66.46, 'C', '2025-05-25 01:19:54', 0),
(355, 191, 121, 981942, 3465, 60.9, 'SSH', '2025-08-11 05:07:38', 0),
(356, 71, 226, 429212, 2084, 93.14, 'SS', '2023-12-05 00:57:12', 0),
(357, 96, 359, 995795, 926, 65.82, 'C', '2024-09-12 01:11:08', 0),
(358, 64, 143, 923152, 1188, 68.15, 'B', '2025-02-13 21:18:19', 0),
(359, 6, 331, 950201, 4963, 51.74, 'SS', '2025-02-18 12:09:50', 0),
(360, 172, 123, 266271, 4528, 69.23, 'B', '2024-01-19 06:46:52', 0),
(361, 176, 63, 561894, 1937, 92.88, 'C', '2025-07-05 03:48:21', 1),
(362, 101, 131, 316504, 740, 96.82, 'SH', '2024-02-14 01:57:44', 0),
(363, 42, 225, 663021, 2599, 93.97, 'C', '2025-10-20 19:25:07', 0),
(364, 71, 444, 84985, 4028, 73.55, 'C', '2024-12-17 05:09:53', 0),
(365, 86, 368, 443882, 823, 91.22, 'A', '2024-07-01 20:19:52', 0),
(366, 91, 216, 632364, 4487, 86.89, 'D', '2025-09-25 19:12:54', 0),
(367, 196, 27, 673528, 1506, 81.51, 'S', '2024-03-26 17:02:16', 1),
(368, 52, 322, 321389, 2571, 78.79, 'SSH', '2024-09-05 01:49:07', 0),
(369, 133, 366, 805894, 1066, 92.35, 'C', '2024-02-07 21:20:41', 0),
(370, 82, 232, 502602, 1094, 63.03, 'B', '2024-11-02 03:08:19', 0),
(371, 51, 44, 435631, 3012, 59.09, 'C', '2025-08-10 12:53:21', 0),
(372, 147, 115, 22741, 189, 96.16, 'SH', '2025-04-28 16:16:01', 0),
(373, 119, 102, 275499, 1383, 52.49, 'C', '2025-11-19 06:28:25', 0),
(374, 39, 46, 386792, 1394, 97.36, 'SSH', '2025-03-03 12:16:46', 1),
(375, 135, 223, 811926, 3717, 91.36, 'D', '2025-01-10 00:38:11', 0),
(376, 183, 105, 200800, 2181, 64.4, 'D', '2024-12-24 07:33:53', 0),
(377, 111, 439, 217642, 4916, 60.78, 'A', '2025-02-09 18:00:37', 0),
(378, 49, 215, 190131, 3347, 89.62, 'SS', '2024-04-22 17:05:39', 0),
(379, 68, 121, 648684, 3695, 95.37, 'B', '2025-09-15 15:32:23', 0),
(380, 166, 235, 90903, 85, 73.44, 'B', '2024-07-23 02:22:56', 0),
(381, 102, 352, 223526, 3142, 85.42, 'A', '2025-03-02 22:53:38', 0),
(382, 143, 31, 55644, 2727, 96.55, 'D', '2025-07-19 10:31:53', 0),
(383, 156, 344, 842218, 4901, 85.48, 'SS', '2025-08-01 05:27:16', 1),
(384, 130, 318, 400442, 2479, 98.88, 'B', '2024-02-01 10:22:18', 0),
(385, 144, 22, 609684, 1470, 63.01, 'D', '2025-03-14 21:08:31', 0),
(386, 120, 68, 95002, 2600, 85.51, 'C', '2024-03-11 13:26:11', 0),
(387, 30, 161, 47307, 1048, 74.96, 'A', '2025-03-28 12:51:18', 0),
(388, 111, 145, 947646, 2157, 80.65, 'A', '2025-07-13 04:11:34', 0),
(389, 112, 85, 331870, 4025, 88.18, 'S', '2024-04-17 17:14:08', 0),
(390, 169, 326, 837994, 3605, 52.66, 'S', '2024-08-18 18:26:49', 0),
(391, 47, 19, 494090, 2132, 58.18, 'D', '2024-09-08 21:12:11', 0),
(392, 127, 21, 463966, 2921, 99.44, 'D', '2025-11-08 23:27:29', 0),
(393, 29, 434, 755727, 1213, 56.18, 'SSH', '2024-01-28 08:41:06', 0),
(394, 73, 93, 876512, 1379, 87.5, 'A', '2025-06-07 23:09:45', 0),
(395, 170, 300, 223713, 4781, 99.9, 'SS', '2024-08-22 13:49:06', 0),
(396, 147, 93, 437646, 630, 62.31, 'D', '2024-06-30 13:46:22', 0),
(397, 85, 14, 299090, 1000, 69.71, 'SSH', '2025-06-14 09:53:18', 0),
(398, 40, 15, 86000, 3771, 91.53, 'D', '2024-09-30 11:09:49', 0),
(399, 69, 305, 690969, 48, 66.47, 'SS', '2024-05-28 22:24:36', 0),
(400, 116, 167, 994440, 4663, 56.47, 'SS', '2024-09-13 10:22:14', 0),
(401, 73, 166, 837917, 455, 87.19, 'C', '2025-05-29 02:26:31', 0),
(402, 66, 92, 252742, 3268, 54.46, 'SH', '2023-12-12 22:46:25', 0),
(403, 200, 207, 299776, 1263, 56.03, 'D', '2025-11-03 14:48:35', 0),
(404, 189, 413, 967472, 2541, 95.19, 'S', '2024-02-14 18:29:48', 0),
(405, 25, 427, 386306, 4200, 59.99, 'D', '2023-12-06 12:33:30', 0),
(406, 122, 138, 591408, 4918, 71.15, 'C', '2024-01-10 01:17:48', 0),
(407, 158, 96, 456193, 3490, 54.65, 'B', '2025-04-21 12:21:19', 0),
(408, 174, 115, 680068, 1271, 96.53, 'SSH', '2024-05-26 15:55:10', 0),
(409, 112, 41, 952276, 3913, 65.02, 'S', '2024-08-28 06:29:35', 0),
(410, 77, 431, 261732, 4286, 71.39, 'SS', '2024-12-21 15:32:07', 0),
(411, 12, 263, 113860, 4184, 71.25, 'SSH', '2025-08-05 16:30:22', 0),
(412, 185, 292, 853308, 2076, 67.77, 'SSH', '2024-03-22 17:19:03', 0),
(413, 5, 59, 777487, 3792, 58.98, 'S', '2025-08-15 11:16:12', 0),
(414, 12, 43, 437471, 2439, 65.7, 'D', '2024-11-27 06:36:18', 0),
(415, 116, 320, 848075, 2172, 67.07, 'S', '2025-06-25 09:07:56', 0),
(416, 21, 383, 634395, 2125, 93.58, 'SSH', '2023-12-20 03:03:16', 0),
(417, 5, 3, 415118, 956, 50.67, 'D', '2025-09-07 14:17:04', 0),
(418, 104, 445, 690666, 4931, 86.3, 'A', '2024-03-11 10:58:34', 0),
(419, 158, 185, 725211, 3236, 90.23, 'SSH', '2024-03-11 11:28:29', 0),
(420, 4, 98, 118348, 131, 84.8, 'SH', '2024-07-30 09:24:12', 0),
(421, 54, 247, 681130, 1190, 82.49, 'C', '2024-12-12 17:39:35', 0),
(422, 138, 98, 91275, 2466, 88.49, 'S', '2025-08-13 16:13:43', 0),
(423, 6, 60, 175174, 1249, 86.94, 'D', '2025-07-11 05:24:33', 0),
(424, 121, 11, 902561, 3683, 79.26, 'SH', '2024-07-24 18:59:43', 0),
(425, 101, 27, 351067, 65, 55.13, 'C', '2024-03-06 15:36:09', 0),
(426, 127, 378, 607770, 4882, 86.55, 'A', '2024-04-28 13:22:15', 0),
(427, 103, 249, 539292, 4842, 86.23, 'D', '2024-01-21 13:32:23', 0),
(428, 16, 271, 20943, 3458, 78.82, 'SSH', '2024-10-18 01:49:52', 0),
(429, 166, 214, 933331, 3878, 55.85, 'B', '2024-02-02 14:00:18', 0),
(430, 112, 11, 170170, 2360, 86.31, 'D', '2024-01-16 23:51:03', 0),
(431, 60, 260, 231374, 4815, 95.45, 'B', '2025-01-07 03:31:44', 0),
(432, 184, 337, 492223, 1075, 94.16, 'C', '2023-12-28 06:10:50', 0),
(433, 173, 335, 771267, 2952, 89.8, 'S', '2025-10-03 02:08:57', 0),
(434, 73, 354, 786650, 707, 83.35, 'S', '2024-09-26 12:52:11', 0),
(435, 41, 311, 517094, 827, 89.67, 'D', '2025-05-30 11:16:48', 0),
(436, 54, 286, 50334, 149, 67.94, 'A', '2024-01-01 15:58:40', 0),
(437, 41, 90, 869167, 4125, 51.6, 'SSH', '2024-08-17 17:33:35', 0),
(438, 30, 317, 238701, 989, 78.1, 'D', '2024-06-08 21:22:17', 0),
(439, 88, 402, 373497, 383, 88.5, 'A', '2024-08-05 13:25:03', 0),
(440, 177, 448, 541422, 4951, 83.47, 'SS', '2025-01-16 22:55:37', 0),
(441, 113, 410, 480341, 909, 98.73, 'SSH', '2024-05-27 13:31:55', 0),
(442, 11, 260, 111531, 1369, 81.5, 'SH', '2024-12-30 18:05:56', 0),
(443, 41, 373, 307313, 3617, 88.1, 'D', '2024-09-03 12:41:53', 0),
(444, 26, 79, 679526, 2980, 66.73, 'S', '2025-05-10 23:18:12', 0),
(445, 52, 225, 436945, 54, 62.27, 'D', '2025-11-17 07:32:34', 0),
(446, 130, 88, 90374, 2180, 68.62, 'C', '2025-08-16 11:12:58', 0),
(447, 171, 126, 159975, 4339, 71.09, 'SH', '2024-07-03 19:23:26', 0),
(448, 110, 212, 963613, 3354, 94.9, 'B', '2024-12-13 21:28:45', 0),
(449, 114, 75, 808562, 82, 85.88, 'SSH', '2024-03-28 05:21:42', 0),
(450, 81, 206, 810891, 1347, 71.7, 'C', '2025-08-29 13:36:09', 0),
(451, 170, 329, 159284, 4707, 52.89, 'A', '2024-06-22 04:44:27', 0),
(452, 175, 359, 581502, 2494, 86.08, 'B', '2025-04-01 17:48:19', 0),
(453, 3, 424, 294371, 4324, 80.52, 'S', '2024-04-01 09:29:12', 0),
(454, 115, 330, 216098, 4460, 81.22, 'D', '2024-02-17 01:12:58', 0),
(455, 167, 208, 814066, 1617, 94.05, 'SSH', '2024-02-17 15:45:09', 0),
(456, 86, 200, 761321, 1033, 76.02, 'A', '2024-01-13 09:15:00', 0),
(457, 131, 283, 328420, 4271, 67.04, 'S', '2024-03-29 22:13:04', 0),
(458, 139, 304, 272256, 1978, 91.61, 'A', '2025-05-14 09:50:23', 0),
(459, 130, 57, 768543, 492, 92.08, 'A', '2024-07-03 20:29:16', 0),
(460, 91, 64, 51051, 1022, 72.44, 'SS', '2024-04-18 18:25:23', 0),
(461, 61, 413, 782984, 4765, 78.28, 'SH', '2024-06-05 03:26:36', 0),
(462, 73, 342, 823911, 4693, 83.62, 'C', '2025-09-08 04:48:35', 0),
(463, 64, 54, 344772, 4231, 79.12, 'B', '2025-03-11 23:51:07', 0),
(464, 38, 365, 447370, 3376, 54.1, 'SS', '2024-03-02 17:49:33', 0),
(465, 34, 244, 226217, 3655, 53.9, 'C', '2023-12-07 17:30:13', 0),
(466, 133, 399, 414959, 2161, 79.22, 'C', '2025-09-26 10:14:13', 0),
(467, 177, 251, 768260, 3416, 91.19, 'S', '2025-07-25 13:29:16', 0),
(468, 125, 365, 480946, 1060, 98.4, 'SSH', '2025-05-30 08:57:44', 0),
(469, 117, 243, 35191, 1285, 97.2, 'B', '2025-11-09 02:39:28', 0),
(470, 31, 309, 894719, 3348, 55.52, 'B', '2024-06-08 21:42:15', 0),
(471, 11, 268, 161751, 965, 68.57, 'B', '2024-12-28 00:10:14', 0),
(472, 125, 15, 830637, 1171, 57.11, 'C', '2023-12-20 22:32:32', 0),
(473, 79, 146, 227053, 1500, 90.96, 'D', '2025-05-17 11:32:37', 1),
(474, 141, 179, 71846, 367, 70.88, 'A', '2024-04-10 21:07:26', 0),
(475, 87, 401, 396633, 3894, 91.72, 'S', '2024-11-11 09:07:04', 0),
(476, 130, 326, 484326, 3686, 83.36, 'S', '2024-03-24 08:54:38', 0),
(477, 84, 46, 839663, 3356, 69.36, 'C', '2025-03-27 04:17:42', 0),
(478, 12, 344, 934277, 3630, 86.8, 'SSH', '2024-12-13 19:33:10', 0),
(479, 182, 13, 600780, 2531, 78.05, 'SSH', '2024-01-03 08:26:52', 0),
(480, 22, 99, 649758, 4439, 78.84, 'SS', '2025-05-31 21:41:14', 0),
(481, 134, 97, 788017, 3899, 75.13, 'SS', '2024-03-12 04:55:14', 0),
(482, 137, 93, 20895, 2253, 89.34, 'SH', '2024-06-28 22:40:41', 0),
(483, 149, 228, 89759, 4371, 80.34, 'C', '2024-03-09 17:23:24', 0),
(484, 126, 442, 980211, 191, 67, 'S', '2024-01-28 06:06:09', 0),
(485, 136, 163, 401567, 2107, 54.55, 'SSH', '2024-05-14 09:20:36', 0),
(486, 74, 74, 192542, 2094, 88.42, 'S', '2025-02-20 10:04:16', 0),
(487, 105, 348, 178409, 483, 80.72, 'B', '2025-01-29 17:35:15', 0),
(488, 183, 30, 313501, 3195, 54.94, 'S', '2025-07-09 05:21:20', 0),
(489, 83, 133, 394754, 991, 52.59, 'SH', '2024-04-12 09:39:15', 0),
(490, 151, 122, 517926, 4167, 87.62, 'C', '2024-01-03 05:39:38', 0),
(491, 69, 32, 334799, 3808, 77.66, 'SSH', '2024-04-04 23:57:39', 0),
(492, 105, 325, 246094, 153, 63.46, 'SSH', '2025-03-26 01:19:10', 0),
(493, 143, 334, 824356, 1029, 65.23, 'C', '2025-07-14 12:19:58', 0),
(494, 163, 257, 214340, 1167, 68.67, 'S', '2024-05-06 11:06:57', 0),
(495, 138, 217, 956769, 4548, 72.59, 'SS', '2025-02-14 01:47:50', 0),
(496, 159, 149, 685781, 1372, 50.03, 'D', '2024-10-13 13:51:16', 0),
(497, 65, 430, 714029, 3115, 99.96, 'SH', '2024-03-27 11:45:08', 0),
(498, 131, 145, 48694, 1323, 86.96, 'SSH', '2024-03-20 10:51:02', 0),
(499, 102, 358, 129950, 1145, 86.25, 'A', '2024-11-06 01:53:44', 0),
(500, 54, 313, 530342, 2608, 94.2, 'B', '2024-02-22 06:26:51', 0),
(501, 193, 363, 475709, 2237, 62.3, 'B', '2025-10-02 03:50:45', 0),
(502, 118, 307, 345412, 131, 95.7, 'S', '2025-01-31 04:29:13', 0),
(503, 1, 312, 500676, 36, 95.07, 'S', '2024-10-09 15:10:49', 0),
(504, 179, 361, 513729, 3218, 76.91, 'SSH', '2024-12-10 13:31:47', 0),
(505, 172, 228, 705900, 1012, 67.65, 'C', '2024-01-29 22:55:44', 0),
(506, 92, 199, 186793, 70, 56.24, 'B', '2025-01-13 03:37:12', 0),
(507, 114, 5, 233281, 163, 87.92, 'B', '2025-05-27 02:36:15', 0),
(508, 158, 321, 318905, 1812, 61.71, 'D', '2024-03-16 05:44:41', 0),
(509, 10, 144, 517777, 4965, 60.45, 'SH', '2024-03-03 08:24:53', 0),
(510, 164, 203, 117335, 2273, 78.46, 'D', '2025-02-26 16:44:01', 0),
(511, 50, 338, 775703, 4635, 83.61, 'S', '2024-11-04 04:08:36', 0),
(512, 33, 382, 69209, 1044, 62.98, 'SH', '2025-02-10 04:13:41', 0),
(513, 187, 401, 288653, 1572, 92.38, 'SS', '2024-12-12 01:15:30', 0),
(514, 178, 348, 559829, 2072, 84.03, 'D', '2023-12-08 06:18:09', 1),
(515, 110, 329, 706796, 425, 92.69, 'B', '2025-04-22 06:09:06', 0),
(516, 105, 141, 128630, 4246, 73.33, 'B', '2025-11-16 03:49:52', 0),
(517, 12, 370, 236455, 385, 63.9, 'C', '2024-02-14 21:21:13', 0),
(518, 81, 3, 411893, 1595, 66.74, 'SS', '2025-03-29 17:48:09', 0),
(519, 58, 354, 445407, 610, 95.85, 'SH', '2025-11-06 08:41:50', 0),
(520, 80, 33, 657403, 793, 51.39, 'C', '2024-08-19 14:52:33', 0),
(521, 152, 409, 657720, 2739, 92.03, 'SH', '2025-04-19 10:22:21', 0),
(522, 62, 175, 873957, 446, 91.08, 'SH', '2024-06-03 06:19:53', 0),
(523, 199, 308, 650662, 3593, 88.2, 'D', '2025-02-03 16:25:32', 0),
(524, 22, 32, 962244, 274, 68.87, 'SSH', '2024-02-09 10:54:45', 0),
(525, 16, 411, 464385, 449, 65.07, 'C', '2025-04-15 08:37:45', 0),
(526, 174, 29, 587424, 428, 64.75, 'C', '2024-12-14 03:48:11', 0),
(527, 159, 386, 432077, 1910, 93.23, 'SS', '2024-12-03 04:01:26', 0),
(528, 119, 408, 449901, 830, 66.98, 'SS', '2025-07-04 08:51:25', 0),
(529, 85, 301, 202831, 885, 55.13, 'SSH', '2025-10-09 21:58:38', 0),
(530, 50, 294, 133101, 4169, 62.81, 'C', '2024-12-25 06:54:40', 0),
(531, 159, 228, 195954, 1992, 56.88, 'SS', '2024-01-19 11:30:30', 0),
(532, 80, 300, 458019, 4204, 97.99, 'B', '2024-07-30 06:42:03', 0),
(533, 139, 398, 153698, 1208, 73.48, 'B', '2024-09-23 13:27:22', 0),
(534, 3, 266, 615926, 1185, 52.87, 'SS', '2025-03-07 05:04:12', 0),
(535, 51, 103, 672670, 1649, 89.26, 'B', '2024-11-10 11:26:16', 0),
(536, 122, 356, 726447, 3829, 79.99, 'B', '2024-08-12 12:56:37', 0),
(537, 145, 172, 647030, 2455, 70.93, 'S', '2024-07-01 15:09:31', 0),
(538, 11, 254, 231063, 31, 81.94, 'SH', '2025-08-05 12:26:14', 0),
(539, 55, 123, 505098, 2716, 90.36, 'C', '2024-06-13 18:44:34', 0),
(540, 48, 423, 8052, 2973, 50.49, 'B', '2025-05-07 07:05:21', 0),
(541, 30, 73, 305691, 3608, 59.72, 'B', '2025-03-27 04:07:04', 0),
(542, 8, 102, 208434, 2328, 58.71, 'A', '2025-10-17 14:52:32', 0),
(543, 87, 434, 582440, 2015, 58.93, 'SS', '2024-03-03 08:33:21', 0),
(544, 68, 52, 23013, 1125, 68.95, 'SSH', '2024-12-11 14:06:08', 0),
(545, 54, 157, 479364, 1968, 68.48, 'B', '2025-04-17 08:16:59', 0),
(546, 135, 410, 654476, 3554, 93.92, 'SSH', '2025-04-24 01:15:01', 0),
(547, 34, 407, 199853, 1571, 76.63, 'B', '2025-10-27 21:38:15', 0),
(548, 110, 326, 257428, 379, 88.15, 'SH', '2025-10-22 18:53:32', 0),
(549, 76, 405, 156783, 2685, 62.36, 'A', '2025-01-14 12:51:57', 0),
(550, 131, 300, 929864, 4006, 60.46, 'SSH', '2024-02-26 09:53:58', 0),
(551, 170, 315, 69024, 1372, 75.43, 'B', '2025-05-12 03:13:13', 0),
(552, 119, 92, 338456, 3063, 76.27, 'D', '2023-12-26 05:29:39', 0),
(553, 127, 243, 282370, 4762, 70.05, 'SS', '2025-01-03 17:36:24', 0),
(554, 52, 232, 906097, 1921, 69.79, 'A', '2025-06-21 00:22:29', 0),
(555, 97, 293, 165845, 3065, 62.73, 'SSH', '2024-10-09 03:51:18', 0),
(556, 22, 152, 467097, 4251, 67.58, 'SS', '2025-08-02 08:11:26', 0),
(557, 160, 173, 447800, 3696, 73.38, 'C', '2024-08-23 06:08:57', 0),
(558, 128, 163, 287281, 3133, 51.24, 'D', '2023-12-29 17:06:40', 0),
(559, 166, 39, 377536, 676, 64.73, 'SSH', '2024-05-20 12:03:52', 0),
(560, 59, 51, 125348, 585, 68.01, 'SH', '2024-09-17 00:54:24', 0),
(561, 173, 169, 263168, 2480, 87.26, 'A', '2024-07-14 00:37:38', 0),
(562, 155, 71, 897531, 4450, 95.62, 'SS', '2024-07-01 08:18:50', 0),
(563, 73, 422, 364470, 3309, 97.29, 'SS', '2025-02-10 05:28:16', 0),
(564, 132, 390, 998708, 1223, 93.27, 'SH', '2025-04-21 14:27:44', 0),
(565, 192, 108, 498484, 1915, 75.79, 'D', '2025-10-11 14:39:09', 0),
(566, 119, 175, 831382, 704, 65.65, 'SH', '2024-02-29 19:03:56', 0),
(567, 179, 214, 220765, 3594, 72.5, 'SS', '2025-02-14 12:38:05', 0),
(568, 148, 448, 135580, 2504, 97.17, 'SS', '2023-12-21 22:27:39', 0),
(569, 169, 428, 372890, 2784, 61.27, 'C', '2025-04-11 18:26:28', 0),
(570, 104, 391, 817466, 4405, 64.98, 'SS', '2025-06-12 18:52:03', 0),
(571, 9, 72, 162156, 2706, 78.41, 'C', '2024-03-30 19:43:58', 0),
(572, 53, 201, 67803, 4379, 69.32, 'D', '2024-05-07 23:46:21', 0),
(573, 146, 232, 671043, 2496, 54.66, 'SSH', '2025-04-13 23:00:06', 0),
(574, 46, 17, 867621, 4943, 74.43, 'S', '2025-03-29 17:00:20', 0),
(575, 99, 146, 216893, 1910, 64.56, 'SSH', '2025-06-25 21:36:26', 0),
(576, 95, 266, 12583, 1408, 66.34, 'C', '2024-09-10 20:17:38', 0),
(577, 29, 67, 563511, 3428, 73.91, 'SSH', '2023-12-04 23:46:26', 0),
(578, 53, 67, 913732, 1685, 65.49, 'D', '2025-07-12 12:10:47', 0),
(579, 148, 159, 617029, 1663, 75.12, 'D', '2025-05-18 09:40:29', 0),
(580, 2, 74, 468383, 525, 91.23, 'SH', '2025-08-08 16:55:17', 0),
(581, 146, 252, 483559, 3791, 78.81, 'SSH', '2025-07-21 00:44:06', 0),
(582, 117, 178, 735335, 2437, 69.55, 'S', '2024-03-16 13:23:17', 0),
(583, 46, 317, 769862, 3540, 72.89, 'S', '2025-01-07 11:26:55', 0),
(584, 25, 202, 733582, 358, 61.98, 'S', '2024-12-12 14:18:57', 0),
(585, 161, 276, 307068, 547, 84.9, 'SH', '2024-01-20 18:04:41', 0),
(586, 106, 391, 580677, 994, 99.77, 'SSH', '2024-11-18 10:49:29', 0),
(587, 130, 393, 818376, 2671, 70.5, 'S', '2025-06-24 02:51:29', 0),
(588, 130, 23, 485617, 219, 53.66, 'D', '2024-04-11 17:47:59', 0),
(589, 191, 205, 898343, 1593, 69.83, 'SS', '2024-04-27 10:51:39', 0),
(590, 182, 70, 344000, 3804, 74.24, 'SSH', '2024-07-27 14:36:52', 0),
(591, 169, 125, 749244, 3586, 57.01, 'A', '2024-02-25 14:00:27', 0),
(592, 44, 430, 19943, 4973, 55.03, 'A', '2024-09-17 11:03:27', 0),
(593, 190, 201, 177636, 636, 83.57, 'SS', '2024-06-19 09:57:42', 0),
(594, 40, 226, 376481, 1458, 60.83, 'SS', '2025-10-16 16:52:44', 0),
(595, 137, 111, 464531, 392, 91.83, 'SSH', '2024-12-30 01:45:24', 0),
(596, 79, 228, 55961, 4901, 50.23, 'C', '2024-10-12 16:28:44', 0),
(597, 64, 192, 953900, 1955, 60, 'SS', '2024-01-09 20:06:41', 0),
(598, 4, 173, 861384, 1575, 84, 'SSH', '2024-02-13 06:29:01', 0),
(599, 25, 409, 876964, 1376, 86.2, 'SS', '2024-08-02 14:31:26', 0),
(600, 28, 418, 344032, 2644, 78.1, 'SH', '2023-12-21 14:03:59', 0),
(601, 139, 203, 985532, 3506, 56.04, 'SH', '2024-05-08 05:34:25', 0),
(602, 83, 89, 16722, 3295, 82.7, 'SS', '2025-02-16 07:58:53', 0),
(603, 118, 113, 70223, 2282, 82.5, 'B', '2024-03-31 00:38:04', 0),
(604, 56, 211, 317181, 4906, 74.98, 'SSH', '2024-10-17 19:54:12', 0),
(605, 146, 88, 265178, 777, 79.99, 'C', '2025-08-21 22:00:32', 0),
(606, 198, 356, 140388, 2721, 58.77, 'B', '2025-06-15 01:08:07', 0),
(607, 171, 247, 71793, 2746, 50.88, 'D', '2024-09-24 09:49:41', 0),
(608, 164, 380, 244715, 4125, 79.37, 'SS', '2024-03-28 04:39:52', 0),
(609, 158, 389, 941341, 1017, 65.44, 'C', '2024-08-18 22:12:15', 0),
(610, 159, 41, 63833, 1127, 68.73, 'A', '2025-07-09 02:43:19', 0),
(611, 97, 105, 674226, 311, 61.9, 'D', '2024-06-10 20:54:06', 0),
(612, 85, 69, 292636, 2602, 82.18, 'SS', '2025-09-23 12:15:31', 0),
(613, 107, 332, 853188, 2364, 87.53, 'SH', '2025-03-11 20:05:32', 0),
(614, 85, 176, 255016, 1687, 76.97, 'SH', '2025-09-25 13:20:28', 0),
(615, 179, 369, 234249, 4982, 93.64, 'B', '2024-03-09 07:35:56', 0),
(616, 162, 4, 68755, 4028, 53.5, 'SH', '2024-09-17 04:40:53', 0),
(617, 37, 105, 132660, 752, 58.68, 'SH', '2025-04-07 15:43:45', 0),
(618, 21, 219, 761206, 3827, 65.57, 'SH', '2024-03-27 00:46:43', 0),
(619, 46, 311, 262063, 2484, 64.27, 'D', '2024-03-07 15:41:54', 0),
(620, 52, 140, 905318, 3942, 54, 'B', '2025-08-16 09:33:19', 0),
(621, 43, 242, 463816, 3463, 75.26, 'C', '2024-07-14 13:07:03', 0),
(622, 124, 11, 799940, 3125, 71.37, 'SSH', '2025-04-03 21:20:51', 0),
(623, 77, 305, 564292, 1252, 77.64, 'S', '2025-02-16 08:33:36', 0),
(624, 119, 157, 476637, 2321, 68.76, 'D', '2025-06-22 20:39:58', 0),
(625, 35, 367, 493053, 1604, 57.74, 'SH', '2024-07-27 14:08:47', 1),
(626, 129, 374, 761579, 3066, 74.57, 'C', '2024-10-29 11:34:00', 0),
(627, 191, 192, 403692, 4011, 65.39, 'SSH', '2025-09-14 17:53:55', 0),
(628, 10, 64, 404519, 4634, 58.12, 'C', '2025-11-16 10:54:35', 0),
(629, 198, 385, 758329, 2856, 75.48, 'D', '2024-06-08 13:32:00', 0),
(630, 95, 357, 61507, 3157, 96.33, 'SH', '2025-10-27 18:24:47', 0),
(631, 9, 417, 379970, 232, 84.87, 'S', '2024-05-23 13:21:12', 0),
(632, 117, 349, 155525, 2084, 62.37, 'S', '2023-12-30 05:41:37', 1),
(633, 198, 48, 676699, 3149, 69.88, 'SSH', '2025-11-10 12:53:09', 0),
(634, 49, 449, 444489, 1359, 91.49, 'A', '2024-08-31 03:42:41', 0),
(635, 129, 273, 691472, 3136, 79.3, 'C', '2024-03-13 12:19:58', 0),
(636, 187, 446, 94190, 896, 81.81, 'B', '2024-05-03 03:07:31', 0),
(637, 69, 384, 220703, 3261, 84.95, 'SS', '2024-11-15 16:45:59', 0),
(638, 126, 1, 102576, 573, 88.69, 'C', '2025-10-11 23:30:18', 0),
(639, 168, 148, 769650, 3531, 58.53, 'B', '2024-12-29 11:07:18', 0),
(640, 35, 102, 511102, 1491, 75.13, 'SSH', '2023-12-22 12:57:24', 0),
(641, 55, 96, 211701, 484, 87.5, 'SH', '2024-10-25 03:50:14', 0),
(642, 105, 226, 658286, 895, 93.42, 'S', '2025-11-04 13:44:47', 0),
(643, 22, 194, 131738, 2268, 53.21, 'SS', '2024-04-27 13:41:09', 0),
(644, 123, 249, 706486, 826, 50.48, 'A', '2024-11-06 12:50:20', 0),
(645, 2, 341, 611738, 343, 54.84, 'SS', '2025-05-31 14:22:56', 0),
(646, 134, 390, 279749, 3981, 73.66, 'B', '2025-05-31 11:24:27', 0),
(647, 87, 190, 715982, 2811, 99.97, 'SH', '2025-04-23 10:53:10', 0),
(648, 171, 205, 397818, 469, 98.77, 'B', '2024-04-20 15:02:33', 0),
(649, 1, 234, 913828, 3292, 86.26, 'S', '2025-05-15 16:54:32', 0),
(650, 32, 445, 557405, 2290, 97.55, 'SH', '2024-08-10 04:08:21', 0),
(651, 159, 352, 691881, 3893, 75.75, 'SH', '2024-04-03 07:58:26', 1),
(652, 164, 417, 338833, 137, 81.69, 'SS', '2025-04-10 16:17:45', 0),
(653, 189, 167, 711860, 3640, 61.68, 'D', '2025-07-09 22:48:24', 0),
(654, 157, 407, 86321, 2854, 71.4, 'D', '2024-10-01 15:38:01', 0),
(655, 180, 52, 770946, 3153, 64.69, 'SH', '2025-05-06 08:58:01', 0),
(656, 134, 449, 600672, 4134, 51.59, 'D', '2025-03-09 03:46:44', 0),
(657, 78, 427, 706756, 4496, 99.36, 'D', '2024-02-20 18:22:50', 0),
(658, 115, 60, 506590, 4430, 62.05, 'SH', '2025-02-16 13:46:23', 0),
(659, 169, 359, 94776, 865, 71.74, 'SS', '2025-06-04 07:43:31', 0),
(660, 84, 197, 804533, 2297, 61.02, 'A', '2025-06-14 05:08:47', 0),
(661, 172, 64, 698802, 1113, 96.14, 'D', '2025-08-05 05:26:35', 0),
(662, 178, 171, 915295, 1834, 96.59, 'SSH', '2023-12-27 16:25:40', 0),
(663, 97, 368, 780058, 3127, 82.7, 'C', '2025-08-14 03:09:06', 0),
(664, 58, 133, 122309, 2384, 54.38, 'SSH', '2024-03-24 22:12:01', 0),
(665, 152, 97, 781788, 952, 78.64, 'S', '2025-08-04 07:46:36', 0),
(666, 98, 296, 773714, 14, 65.54, 'SH', '2024-05-02 21:36:30', 0),
(667, 109, 164, 809746, 2991, 89.88, 'S', '2025-11-13 22:36:39', 0),
(668, 155, 303, 233932, 874, 69.77, 'D', '2024-11-22 09:52:51', 0),
(669, 76, 429, 230537, 4095, 84, 'S', '2024-05-12 15:47:42', 0),
(670, 38, 383, 698670, 282, 79.94, 'A', '2025-02-07 14:14:19', 0),
(671, 177, 64, 287735, 4702, 73.91, 'SH', '2025-03-31 02:55:37', 0),
(672, 181, 193, 62669, 2730, 57.64, 'SH', '2024-06-08 11:14:20', 0),
(673, 58, 359, 772464, 431, 96.16, 'S', '2025-06-29 00:46:16', 0),
(674, 187, 201, 314630, 1305, 99.55, 'C', '2024-04-02 11:53:55', 0),
(675, 174, 243, 366226, 3207, 69.55, 'A', '2025-01-24 11:35:06', 0),
(676, 50, 359, 898845, 4490, 69.69, 'S', '2024-01-17 03:00:53', 0),
(677, 149, 444, 845178, 444, 92.49, 'A', '2024-05-04 17:47:20', 0),
(678, 42, 296, 145243, 3620, 84.8, 'A', '2025-02-01 22:01:26', 0),
(679, 54, 112, 844430, 1603, 86.77, 'SS', '2024-03-16 03:41:57', 0),
(680, 148, 53, 712267, 1210, 68.83, 'C', '2025-04-18 02:33:49', 0),
(681, 44, 29, 101713, 2913, 98.71, 'S', '2024-10-14 15:31:03', 0),
(682, 31, 264, 682676, 2773, 79.67, 'S', '2025-09-02 14:15:59', 0),
(683, 104, 126, 36644, 974, 62.04, 'D', '2024-04-17 06:09:28', 0),
(684, 153, 89, 685507, 3076, 88.79, 'SSH', '2025-02-24 02:40:21', 0),
(685, 167, 196, 289584, 3647, 68.37, 'SSH', '2024-02-23 03:35:21', 0),
(686, 32, 251, 673566, 4176, 61.25, 'D', '2024-07-09 09:05:42', 0),
(687, 191, 49, 833929, 4857, 59.05, 'D', '2025-09-15 13:03:22', 0),
(688, 180, 223, 313856, 4682, 56.26, 'B', '2025-06-10 20:21:49', 0),
(689, 138, 95, 426019, 162, 69.69, 'D', '2023-12-24 02:47:37', 0),
(690, 150, 276, 749420, 1017, 87.68, 'SH', '2025-07-17 11:36:09', 0),
(691, 31, 93, 904876, 4908, 84.76, 'SS', '2025-09-18 14:32:18', 0),
(692, 81, 63, 42044, 1056, 78.75, 'S', '2025-05-18 09:28:11', 0),
(693, 66, 436, 790649, 287, 54.23, 'SSH', '2024-12-01 09:19:22', 0),
(694, 94, 279, 180938, 3466, 98.86, 'SS', '2024-10-02 06:00:07', 0),
(695, 12, 266, 949562, 2404, 82.96, 'D', '2024-08-16 18:26:42', 0),
(696, 126, 356, 329137, 4282, 95.54, 'B', '2024-01-29 20:08:23', 0),
(697, 131, 108, 722347, 812, 83.13, 'SS', '2025-01-16 02:32:35', 0),
(698, 49, 73, 315267, 1764, 97.87, 'SH', '2024-08-27 02:18:36', 0),
(699, 72, 66, 765521, 3458, 53.72, 'A', '2025-06-20 02:00:34', 0),
(700, 167, 84, 420492, 3737, 54.16, 'A', '2025-08-01 19:42:38', 0),
(701, 178, 74, 562936, 1670, 53.53, 'A', '2023-12-10 16:05:24', 0),
(702, 179, 331, 202984, 3049, 78.18, 'S', '2024-08-19 06:46:35', 0),
(703, 40, 162, 827051, 3553, 68.95, 'SH', '2025-07-31 15:47:26', 0),
(704, 32, 273, 116333, 4493, 70.34, 'B', '2025-10-16 06:59:42', 0),
(705, 93, 171, 816866, 2239, 57.32, 'SH', '2025-01-01 03:39:32', 0),
(706, 26, 194, 234020, 3102, 97.59, 'SSH', '2025-03-16 12:02:05', 0),
(707, 187, 449, 322440, 4824, 91.07, 'D', '2024-06-26 02:53:00', 0),
(708, 90, 359, 600951, 2311, 77.58, 'SSH', '2025-08-09 01:55:11', 0),
(709, 44, 163, 993487, 3192, 59.03, 'C', '2023-12-28 23:41:37', 0),
(710, 33, 133, 10958, 4208, 85.66, 'S', '2025-08-12 13:51:33', 0),
(711, 146, 377, 281357, 434, 95.92, 'B', '2025-06-30 01:10:35', 0),
(712, 64, 348, 639271, 3427, 85.34, 'S', '2024-12-19 02:14:03', 0),
(713, 91, 409, 492431, 4115, 64.34, 'C', '2025-10-09 00:31:39', 0),
(714, 184, 417, 240876, 2501, 81.78, 'SSH', '2025-08-13 06:03:16', 0),
(715, 105, 395, 328928, 739, 81.73, 'SSH', '2025-07-11 08:44:05', 0),
(716, 24, 85, 604263, 471, 54.23, 'A', '2025-01-08 20:53:43', 0),
(717, 127, 414, 917825, 88, 98.11, 'C', '2024-02-28 01:33:23', 0),
(718, 188, 70, 503955, 4079, 75.75, 'SSH', '2023-12-07 05:10:28', 0),
(719, 158, 98, 956133, 60, 85.71, 'B', '2025-01-14 17:04:33', 0),
(720, 190, 339, 998057, 4327, 84.2, 'SS', '2025-09-26 20:25:48', 0),
(721, 44, 346, 976370, 4289, 95.19, 'S', '2024-03-02 20:03:27', 0),
(722, 35, 264, 371453, 418, 71.14, 'C', '2024-08-24 04:15:56', 0),
(723, 29, 174, 959445, 2047, 91.59, 'SSH', '2025-06-24 05:19:09', 0),
(724, 124, 151, 278611, 1746, 50.11, 'C', '2024-10-21 10:16:26', 0),
(725, 79, 330, 541571, 291, 96.77, 'D', '2025-03-20 20:08:06', 0),
(726, 2, 316, 483716, 2692, 64.92, 'SSH', '2025-06-26 11:31:29', 1),
(727, 185, 96, 422598, 2905, 50.44, 'C', '2024-06-19 05:46:21', 0),
(728, 22, 271, 540302, 1260, 70.54, 'D', '2025-10-20 05:39:12', 1),
(729, 197, 337, 263285, 1853, 73.53, 'B', '2025-08-24 23:14:57', 0),
(730, 110, 94, 563484, 2208, 55.43, 'D', '2023-12-21 09:11:26', 0),
(731, 113, 83, 147668, 2898, 87.35, 'SS', '2024-06-15 07:06:00', 0),
(732, 182, 102, 117041, 1553, 64.24, 'S', '2025-01-15 12:43:43', 0),
(733, 191, 170, 945764, 259, 58.02, 'SH', '2025-06-01 08:14:27', 0),
(734, 171, 137, 125562, 3450, 74.45, 'D', '2025-04-12 06:16:53', 0),
(735, 183, 66, 341669, 3276, 75.09, 'C', '2024-05-28 00:11:38', 0),
(736, 28, 406, 23179, 1034, 57.78, 'SS', '2025-03-14 07:20:55', 0),
(737, 61, 27, 712259, 2803, 71.48, 'SS', '2024-10-08 02:59:08', 0),
(738, 75, 145, 510533, 677, 88.04, 'SH', '2025-10-20 10:05:45', 0),
(739, 187, 262, 196937, 2044, 64.06, 'SSH', '2024-06-19 12:39:22', 0),
(740, 180, 127, 699698, 3516, 59.92, 'SSH', '2024-01-05 21:50:22', 0),
(741, 129, 313, 190989, 1546, 99.63, 'S', '2025-08-01 04:43:02', 0),
(742, 34, 206, 41230, 2244, 99.52, 'S', '2025-05-25 17:37:55', 0),
(743, 158, 103, 96352, 418, 69.02, 'A', '2024-05-14 06:28:36', 0),
(744, 60, 114, 353508, 3491, 73.96, 'C', '2025-09-17 15:56:59', 0),
(745, 78, 57, 283324, 2979, 64.03, 'B', '2025-10-26 10:07:44', 0),
(746, 64, 164, 939586, 390, 59.09, 'SS', '2024-01-25 02:14:21', 0),
(747, 191, 165, 223274, 2338, 73.6, 'SSH', '2024-01-05 13:29:53', 0),
(748, 65, 252, 382242, 2739, 65.22, 'SSH', '2025-07-28 17:18:30', 0),
(749, 175, 283, 808889, 1068, 66.56, 'B', '2025-04-02 20:57:44', 0),
(750, 151, 271, 635088, 3045, 61.91, 'A', '2023-12-27 06:29:14', 0),
(751, 99, 45, 931290, 872, 56.52, 'SSH', '2025-08-04 18:31:11', 0),
(752, 168, 419, 200684, 1581, 85.23, 'SSH', '2025-10-11 09:24:31', 0),
(753, 140, 317, 360554, 2470, 86.27, 'SH', '2024-03-16 19:39:03', 0);
INSERT INTO `plays` (`id_play`, `id_player`, `id_beatmap`, `score`, `max_combo`, `accuracy`, `rank`, `date_played`, `perfect`) VALUES
(754, 40, 23, 135041, 1571, 70.91, 'A', '2024-04-26 02:22:37', 0),
(755, 195, 437, 888187, 4591, 98.76, 'B', '2024-07-20 16:14:31', 0),
(756, 184, 61, 956094, 3573, 53.39, 'C', '2024-12-08 03:16:37', 0),
(757, 129, 405, 23937, 1368, 79.96, 'S', '2025-01-05 05:18:11', 0),
(758, 145, 32, 833978, 1559, 87.04, 'C', '2024-04-13 09:54:10', 0),
(759, 137, 446, 539430, 615, 58.28, 'C', '2025-03-25 20:02:19', 0),
(760, 100, 206, 637714, 2225, 60.35, 'SS', '2025-06-04 08:16:50', 0),
(761, 56, 304, 731565, 73, 93.96, 'D', '2024-05-02 20:39:18', 0),
(762, 185, 269, 272407, 2486, 92.62, 'A', '2025-07-15 00:31:21', 0),
(763, 142, 61, 180420, 1835, 52.28, 'SH', '2024-04-26 09:24:49', 0),
(764, 164, 76, 988806, 2276, 96.36, 'A', '2024-03-08 03:10:33', 0),
(765, 14, 329, 262103, 1721, 76.73, 'SS', '2025-03-26 23:07:38', 0),
(766, 162, 310, 388040, 2659, 54.16, 'A', '2024-05-16 19:34:36', 0),
(767, 105, 314, 310220, 2660, 99.26, 'SS', '2024-03-05 05:53:21', 0),
(768, 57, 375, 294276, 1448, 62.8, 'SS', '2025-05-10 17:08:15', 0),
(769, 200, 400, 612593, 872, 86.13, 'C', '2024-03-27 15:41:18', 0),
(770, 66, 446, 657649, 4951, 77.54, 'D', '2025-02-05 08:13:28', 0),
(771, 69, 105, 610918, 3240, 57.78, 'SH', '2025-06-01 05:20:37', 0),
(772, 112, 189, 156539, 3925, 54.68, 'S', '2024-12-16 06:14:56', 0),
(773, 46, 97, 598329, 4019, 97.17, 'S', '2023-12-30 04:35:23', 0),
(774, 6, 159, 171832, 1456, 90.87, 'SH', '2025-09-24 06:44:32', 0),
(775, 19, 219, 258167, 3728, 95.46, 'C', '2025-02-23 00:06:11', 0),
(776, 135, 71, 763067, 97, 80.16, 'C', '2024-07-21 03:19:32', 0),
(777, 29, 424, 15210, 359, 56.61, 'SSH', '2025-07-11 17:45:07', 0),
(778, 161, 308, 15152, 77, 97.88, 'SSH', '2025-01-11 05:57:15', 0),
(779, 87, 437, 742821, 697, 60.12, 'D', '2025-06-07 11:54:22', 0),
(780, 114, 418, 172069, 2519, 66.59, 'S', '2024-05-18 12:33:24', 0),
(781, 140, 355, 281448, 4454, 56.15, 'SS', '2025-01-29 12:17:21', 0),
(782, 76, 53, 537391, 3403, 57.09, 'SH', '2024-01-13 01:13:20', 0),
(783, 110, 198, 155535, 2895, 82.77, 'SH', '2023-12-27 22:25:40', 0),
(784, 176, 197, 721126, 921, 74.59, 'SSH', '2025-03-12 22:21:10', 0),
(785, 73, 183, 80995, 2734, 55.92, 'SSH', '2024-10-04 03:51:50', 0),
(786, 155, 78, 187717, 3512, 76.52, 'S', '2025-10-27 15:58:00', 0),
(787, 39, 342, 721540, 2471, 81.24, 'A', '2024-11-10 04:38:44', 0),
(788, 27, 139, 961741, 4090, 83.09, 'A', '2025-08-11 18:43:18', 0),
(789, 183, 409, 81079, 18, 93.09, 'S', '2025-08-09 13:24:58', 0),
(790, 38, 164, 155958, 3200, 72.33, 'D', '2024-04-05 13:27:23', 0),
(791, 29, 296, 449217, 2282, 57.23, 'B', '2025-08-21 19:59:36', 0),
(792, 47, 393, 404720, 2889, 65.97, 'C', '2024-06-27 14:46:52', 0),
(793, 106, 309, 833046, 2732, 56.91, 'SH', '2023-12-20 02:12:53', 0),
(794, 141, 255, 565917, 4373, 74.63, 'SH', '2025-03-17 16:22:14', 0),
(795, 149, 367, 443332, 4317, 78.89, 'SH', '2024-11-11 00:03:11', 0),
(796, 61, 186, 4005, 1666, 99.7, 'SS', '2024-02-15 11:08:27', 0),
(797, 122, 69, 966637, 903, 52.98, 'B', '2024-12-22 11:57:08', 0),
(798, 200, 420, 147118, 2415, 73.02, 'C', '2024-11-14 09:09:55', 0),
(799, 58, 29, 784281, 1129, 55.86, 'S', '2025-05-16 01:30:24', 0),
(800, 7, 357, 446339, 3045, 52.7, 'SSH', '2024-05-27 21:16:39', 0),
(801, 19, 245, 879116, 4866, 93.52, 'SS', '2025-01-11 09:15:42', 0),
(802, 37, 41, 257949, 632, 50.62, 'C', '2024-11-30 02:18:25', 0),
(803, 47, 241, 780677, 1148, 87.41, 'A', '2025-06-20 01:29:58', 0),
(804, 185, 173, 466540, 109, 64.34, 'S', '2024-07-13 16:40:29', 0),
(805, 165, 17, 634521, 1422, 75.16, 'SS', '2024-11-16 14:45:34', 0),
(806, 109, 349, 995303, 3722, 77.71, 'A', '2025-01-04 01:58:44', 0),
(807, 129, 157, 744810, 1863, 71.18, 'S', '2025-04-30 21:55:16', 0),
(808, 24, 268, 396900, 1026, 87.16, 'C', '2025-11-02 19:16:39', 0),
(809, 57, 201, 193616, 4582, 80.25, 'SSH', '2025-06-03 11:09:33', 0),
(810, 120, 245, 329403, 3319, 91.36, 'S', '2025-03-05 09:37:31', 0),
(811, 96, 332, 445828, 1596, 63.5, 'SSH', '2025-02-11 05:03:48', 0),
(812, 155, 399, 888734, 2749, 51.4, 'A', '2025-04-20 16:48:25', 0),
(813, 28, 34, 223203, 4892, 50.55, 'A', '2024-06-19 06:07:28', 0),
(814, 52, 327, 975338, 266, 62.02, 'SSH', '2024-03-10 02:31:22', 0),
(815, 145, 23, 592123, 3964, 52.28, 'B', '2024-08-22 00:37:09', 0),
(816, 80, 5, 374973, 2314, 97.94, 'SH', '2024-11-13 04:50:27', 0),
(817, 101, 372, 374122, 1062, 85.13, 'SSH', '2024-04-06 12:36:41', 0),
(818, 190, 258, 106909, 4114, 90.37, 'S', '2024-07-23 07:28:34', 0),
(819, 98, 245, 615841, 307, 64.51, 'S', '2025-02-25 10:04:18', 0),
(820, 21, 321, 98822, 1898, 94.22, 'S', '2025-08-06 15:13:05', 0),
(821, 42, 257, 542380, 4987, 82.57, 'B', '2025-03-24 19:25:25', 0),
(822, 34, 174, 305969, 2952, 81.17, 'C', '2024-02-18 11:44:55', 0),
(823, 183, 397, 717044, 3176, 61.96, 'SSH', '2024-12-09 20:37:20', 0),
(824, 146, 322, 522690, 798, 90.24, 'S', '2025-11-14 20:49:56', 0),
(825, 80, 281, 910674, 715, 74.95, 'D', '2024-11-20 20:50:49', 0),
(826, 76, 83, 72472, 2295, 78.83, 'B', '2025-01-13 16:00:58', 0),
(827, 46, 364, 810438, 3775, 62.9, 'D', '2025-01-26 02:12:27', 0),
(828, 196, 449, 464518, 1151, 96.99, 'D', '2025-09-05 16:47:10', 0),
(829, 74, 206, 429902, 1057, 72.04, 'B', '2025-07-13 22:07:03', 0),
(830, 175, 212, 531519, 3688, 63.14, 'SS', '2025-10-12 08:16:12', 0),
(831, 165, 30, 778039, 2006, 84.99, 'SS', '2025-10-01 21:11:11', 0),
(832, 27, 149, 395077, 1297, 78.51, 'SSH', '2024-05-06 06:31:36', 0),
(833, 119, 343, 99045, 2859, 73.29, 'D', '2024-03-12 06:08:59', 0),
(834, 47, 375, 114611, 3252, 88.41, 'SH', '2025-01-11 03:28:19', 0),
(835, 17, 163, 360057, 4951, 74.31, 'D', '2023-12-11 03:39:11', 0),
(836, 117, 20, 572559, 1276, 97.43, 'S', '2024-07-22 21:20:59', 0),
(837, 82, 291, 33844, 4925, 88.71, 'SS', '2024-10-20 16:57:38', 0),
(838, 93, 405, 452002, 3879, 60.67, 'SH', '2024-09-15 21:53:19', 0),
(839, 195, 351, 444464, 2211, 62.6, 'S', '2024-05-31 06:22:05', 0),
(840, 18, 141, 425745, 670, 64.92, 'D', '2024-07-19 04:54:21', 0),
(841, 135, 110, 703173, 2126, 59.2, 'SS', '2024-09-23 21:00:03', 0),
(842, 110, 176, 790762, 2433, 58.23, 'B', '2025-01-18 15:36:41', 0),
(843, 124, 244, 562519, 1317, 98.28, 'C', '2025-05-19 10:48:32', 0),
(844, 178, 293, 409040, 82, 78.05, 'SH', '2025-08-16 00:11:04', 0),
(845, 171, 297, 647460, 1185, 66.19, 'B', '2025-08-27 15:00:04', 1),
(846, 118, 76, 524706, 2593, 55.68, 'C', '2024-07-31 21:17:57', 0),
(847, 185, 2, 473445, 1030, 81.71, 'SSH', '2024-05-03 08:07:24', 0),
(848, 191, 97, 441586, 4474, 88.72, 'C', '2024-04-21 17:06:28', 0),
(849, 54, 98, 713641, 4726, 97.76, 'B', '2024-02-14 18:01:57', 0),
(850, 5, 155, 941210, 2515, 75.1, 'SSH', '2025-09-16 12:31:54', 0),
(851, 167, 234, 435166, 3362, 67.59, 'C', '2024-04-11 17:39:49', 0),
(852, 196, 172, 119887, 1441, 72.94, 'B', '2025-09-24 17:21:44', 0),
(853, 153, 84, 570128, 3571, 69.08, 'C', '2023-12-25 09:39:42', 0),
(854, 180, 318, 984461, 813, 99.77, 'SSH', '2025-02-18 13:55:38', 0),
(855, 5, 316, 978793, 3370, 55.18, 'SSH', '2025-09-23 20:17:05', 0),
(856, 129, 298, 846016, 268, 83.39, 'C', '2025-09-20 10:26:27', 0),
(857, 199, 233, 579381, 3122, 55.73, 'D', '2024-04-14 11:27:27', 0),
(858, 90, 407, 959429, 3801, 70.65, 'C', '2024-08-08 01:04:46', 1),
(859, 96, 401, 235814, 4158, 64.18, 'A', '2024-08-22 13:10:05', 0),
(860, 107, 345, 254288, 35, 95.01, 'C', '2025-02-13 07:24:16', 0),
(861, 7, 79, 829909, 3068, 92.04, 'B', '2024-01-21 09:02:55', 0),
(862, 147, 221, 254578, 4553, 98.67, 'SH', '2025-02-24 11:01:39', 0),
(863, 101, 425, 55086, 4734, 71.46, 'C', '2024-10-20 03:45:25', 0),
(864, 45, 207, 949092, 2607, 75.86, 'C', '2025-09-02 07:09:00', 0),
(865, 182, 411, 133466, 4131, 55.92, 'C', '2024-09-21 21:26:19', 0),
(866, 161, 134, 879012, 4530, 57.95, 'B', '2024-11-20 15:11:17', 0),
(867, 24, 14, 459669, 95, 81.44, 'S', '2025-10-17 10:27:08', 0),
(868, 182, 279, 966313, 646, 78.59, 'SS', '2025-10-19 18:10:47', 0),
(869, 34, 233, 666282, 2934, 59.33, 'SH', '2025-11-02 01:08:50', 0),
(870, 138, 431, 258167, 3098, 88.52, 'SS', '2025-06-07 11:15:40', 0),
(871, 37, 322, 25264, 4747, 93.35, 'SSH', '2025-07-03 15:55:25', 0),
(872, 153, 63, 113278, 1162, 64.12, 'S', '2024-11-27 15:20:47', 0),
(873, 127, 433, 379952, 1704, 69.54, 'D', '2024-11-16 06:40:01', 0),
(874, 106, 38, 511150, 626, 60.51, 'C', '2025-01-28 08:18:36', 0),
(875, 81, 325, 953424, 3694, 90.43, 'S', '2025-03-26 13:16:39', 0),
(876, 46, 338, 595850, 4970, 92.74, 'SSH', '2025-02-12 20:26:08', 0),
(877, 89, 248, 644830, 4916, 77.32, 'S', '2025-10-12 13:14:21', 0),
(878, 66, 63, 203212, 4966, 51.48, 'SS', '2024-12-16 15:20:12', 0),
(879, 195, 79, 227813, 2990, 55.74, 'SH', '2023-12-28 08:42:11', 0),
(880, 36, 113, 88496, 1037, 63.38, 'D', '2025-11-18 09:29:19', 0),
(881, 24, 179, 743479, 4518, 82.6, 'D', '2024-07-09 14:27:44', 0),
(882, 127, 224, 538559, 3277, 96.12, 'A', '2024-06-22 10:55:16', 0),
(883, 176, 434, 931417, 2303, 98.09, 'SSH', '2025-10-31 12:26:32', 0),
(884, 197, 301, 327720, 1358, 89.7, 'D', '2025-02-14 11:13:51', 0),
(885, 115, 217, 626297, 2226, 90.79, 'SSH', '2025-03-13 01:27:53', 0),
(886, 110, 103, 595691, 2892, 68.7, 'SSH', '2025-03-14 03:59:20', 0),
(887, 9, 262, 266356, 4808, 70.49, 'B', '2025-07-04 03:08:04', 0),
(888, 30, 93, 849340, 2644, 71.47, 'S', '2025-04-20 01:27:55', 0),
(889, 19, 111, 689866, 3045, 68.6, 'B', '2024-12-29 04:03:13', 0),
(890, 82, 353, 12430, 2695, 60.69, 'B', '2023-12-17 21:58:24', 0),
(891, 144, 34, 405321, 2324, 80.09, 'SH', '2025-09-12 12:38:44', 0),
(892, 72, 367, 638433, 613, 78.7, 'C', '2024-12-16 16:08:59', 0),
(893, 112, 163, 853905, 2623, 59.91, 'SS', '2023-12-09 09:50:21', 0),
(894, 128, 24, 288745, 3451, 55.96, 'D', '2023-11-29 02:16:43', 0),
(895, 84, 303, 402455, 1937, 78.82, 'A', '2024-02-28 13:32:35', 1),
(896, 148, 3, 956927, 3783, 64.22, 'C', '2024-08-26 06:23:48', 0),
(897, 137, 271, 42020, 2764, 82.24, 'SSH', '2024-08-27 23:31:48', 0),
(898, 107, 371, 316619, 2251, 65.86, 'B', '2025-02-08 11:08:12', 0),
(899, 143, 397, 329387, 4046, 80.62, 'C', '2025-04-24 10:31:07', 0),
(900, 117, 253, 890897, 995, 92.15, 'SSH', '2024-02-29 05:53:58', 0),
(901, 13, 423, 11901, 1137, 55.26, 'B', '2025-11-10 05:01:00', 0),
(902, 186, 224, 238336, 1395, 54.4, 'B', '2024-08-16 02:43:55', 0),
(903, 138, 3, 980485, 431, 62.98, 'SS', '2023-12-17 11:20:57', 0),
(904, 78, 39, 277537, 2698, 84.4, 'C', '2025-05-15 12:21:25', 0),
(905, 44, 71, 612795, 3775, 56, 'B', '2024-06-10 23:41:42', 0),
(906, 193, 300, 931924, 3386, 81.85, 'SSH', '2024-12-27 13:16:38', 0),
(907, 62, 296, 502142, 4015, 98.82, 'B', '2024-09-11 07:35:07', 0),
(908, 124, 116, 97258, 2162, 88.31, 'SSH', '2025-09-23 01:49:34', 0),
(909, 63, 338, 679569, 1687, 84.75, 'SSH', '2024-01-24 19:12:35', 0),
(910, 16, 109, 14765, 1771, 73.41, 'C', '2024-08-22 15:49:49', 0),
(911, 27, 175, 219797, 4838, 88.08, 'B', '2024-06-02 15:12:48', 0),
(912, 80, 363, 477076, 1262, 92.39, 'SSH', '2025-01-19 06:23:15', 0),
(913, 57, 187, 405305, 3707, 93.39, 'SH', '2023-12-30 10:00:17', 0),
(914, 49, 36, 292334, 3466, 58.21, 'A', '2025-05-06 15:44:31', 0),
(915, 148, 332, 108022, 1207, 73.05, 'SSH', '2024-08-09 17:05:26', 0),
(916, 62, 9, 938529, 3776, 59.35, 'SS', '2024-02-03 03:07:15', 0),
(917, 136, 232, 370053, 2176, 55.92, 'SSH', '2024-05-21 07:46:13', 0),
(918, 55, 78, 417209, 4114, 71.54, 'B', '2024-04-22 20:07:48', 0),
(919, 70, 190, 103564, 403, 82.43, 'C', '2024-03-18 21:06:24', 0),
(920, 49, 207, 186225, 4867, 63.8, 'D', '2025-06-13 21:49:35', 0),
(921, 28, 349, 53294, 2040, 97.95, 'SH', '2025-08-15 01:44:30', 0),
(922, 10, 295, 280108, 1956, 53.29, 'SSH', '2025-04-21 10:33:21', 0),
(923, 159, 359, 751595, 3315, 69.6, 'SSH', '2024-08-22 22:27:29', 0),
(924, 178, 138, 520225, 1686, 58.55, 'SH', '2025-06-29 12:24:00', 0),
(925, 74, 362, 626279, 2360, 86.69, 'SSH', '2024-10-11 21:47:23', 0),
(926, 180, 319, 500917, 2502, 92.63, 'SH', '2025-07-08 12:00:55', 0),
(927, 175, 36, 175740, 1535, 66.61, 'D', '2024-01-01 05:42:28', 0),
(928, 4, 342, 498654, 3506, 66.7, 'S', '2025-08-24 03:33:31', 0),
(929, 20, 88, 713195, 80, 79.7, 'D', '2025-11-04 08:58:51', 0),
(930, 126, 448, 260533, 3872, 55.47, 'SS', '2025-05-17 14:24:48', 0),
(931, 75, 428, 240376, 4304, 75.16, 'S', '2024-04-09 16:07:58', 0),
(932, 26, 156, 843942, 2750, 72.63, 'B', '2024-02-29 20:41:10', 0),
(933, 66, 340, 511125, 2077, 68.21, 'SS', '2024-02-08 14:36:49', 0),
(934, 78, 364, 350950, 4243, 88.73, 'D', '2023-12-11 21:55:32', 0),
(935, 176, 266, 764589, 170, 57.4, 'C', '2024-01-12 21:49:59', 0),
(936, 169, 73, 375545, 4079, 51.55, 'C', '2024-10-14 04:46:46', 0),
(937, 191, 46, 204258, 3095, 81.94, 'A', '2024-05-31 06:18:26', 0),
(938, 174, 279, 943901, 3681, 99.37, 'S', '2024-04-18 06:07:39', 0),
(939, 174, 179, 932130, 2714, 69.55, 'C', '2025-03-22 18:45:15', 0),
(940, 71, 159, 200829, 337, 78.98, 'B', '2024-06-07 12:22:59', 0),
(941, 32, 222, 834966, 3728, 78.33, 'B', '2025-10-09 13:24:27', 0),
(942, 3, 256, 973274, 1206, 73.32, 'S', '2024-07-31 20:34:08', 0),
(943, 75, 320, 586253, 1333, 65.18, 'A', '2025-08-14 23:31:59', 0),
(944, 76, 8, 476904, 336, 60.87, 'SSH', '2024-02-13 13:51:54', 0),
(945, 79, 3, 452226, 2886, 83.01, 'SS', '2025-01-28 08:57:57', 0),
(946, 36, 180, 922406, 2321, 89.26, 'S', '2024-10-26 03:23:17', 0),
(947, 183, 139, 150573, 1612, 71.6, 'SSH', '2025-07-26 18:37:47', 0),
(948, 9, 243, 979253, 2906, 62.44, 'C', '2025-07-20 23:05:05', 0),
(949, 26, 134, 965893, 2475, 79.85, 'S', '2025-07-16 07:19:56', 0),
(950, 174, 449, 339144, 4737, 56.96, 'SH', '2025-07-03 18:10:01', 0),
(951, 107, 284, 210215, 2467, 65.25, 'A', '2025-04-12 01:58:20', 0),
(952, 161, 237, 573344, 1503, 68.8, 'C', '2024-01-31 08:39:25', 0),
(953, 135, 227, 728851, 2567, 75.19, 'B', '2024-04-01 18:21:29', 0),
(954, 110, 239, 441932, 3361, 73.06, 'SS', '2024-01-04 00:53:06', 0),
(955, 108, 46, 793572, 1152, 80.76, 'A', '2024-02-13 19:33:38', 0),
(956, 149, 263, 392235, 1043, 81.04, 'A', '2024-12-30 01:36:18', 0),
(957, 101, 65, 423515, 49, 73.14, 'D', '2025-05-14 15:47:11', 0),
(958, 22, 29, 284298, 877, 66.67, 'SSH', '2024-03-04 20:56:29', 0),
(959, 145, 247, 725139, 2715, 93.22, 'SSH', '2025-06-19 03:06:44', 0),
(960, 173, 262, 776278, 435, 85.08, 'S', '2024-12-08 07:36:15', 0),
(961, 127, 70, 235402, 1268, 65.04, 'A', '2025-02-21 06:35:26', 0),
(962, 2, 413, 509512, 1645, 55.74, 'SS', '2024-01-31 12:33:46', 0),
(963, 31, 267, 102568, 2026, 60.21, 'D', '2024-06-30 04:04:35', 0),
(964, 130, 228, 410693, 456, 96.3, 'A', '2024-07-10 19:00:47', 0),
(965, 48, 420, 247339, 4479, 63.01, 'D', '2025-03-31 10:27:28', 0),
(966, 158, 64, 454355, 1199, 81.81, 'S', '2025-07-20 15:41:41', 0),
(967, 191, 337, 253373, 1399, 75.58, 'SH', '2023-12-10 18:39:18', 0),
(968, 75, 149, 700961, 820, 97.95, 'D', '2025-07-28 02:52:04', 0),
(969, 71, 201, 405562, 880, 73.2, 'C', '2024-03-16 12:33:46', 0),
(970, 73, 235, 126961, 4623, 69.47, 'A', '2025-11-07 12:34:16', 0),
(971, 167, 337, 650987, 3642, 52.13, 'B', '2024-11-16 11:17:26', 0),
(972, 120, 371, 481614, 2269, 50.46, 'S', '2025-08-28 01:43:58', 0),
(973, 129, 108, 366779, 4302, 69.53, 'SSH', '2025-01-11 20:51:54', 0),
(974, 39, 181, 688796, 4614, 66.96, 'S', '2025-08-26 02:11:02', 0),
(975, 196, 338, 318645, 3228, 53.41, 'D', '2024-01-20 13:38:58', 0),
(976, 121, 311, 691982, 1478, 78.8, 'A', '2025-10-15 03:25:22', 0),
(977, 83, 302, 609934, 2852, 79.22, 'C', '2024-12-29 07:46:10', 0),
(978, 8, 437, 769477, 1304, 61.59, 'SSH', '2024-09-11 20:56:27', 0),
(979, 174, 244, 340381, 1897, 99.07, 'SH', '2025-08-16 19:30:39', 0),
(980, 45, 373, 936825, 3147, 87.79, 'C', '2024-10-21 22:47:34', 0),
(981, 16, 314, 263651, 938, 51.87, 'SSH', '2025-11-11 16:45:43', 0),
(982, 96, 311, 662959, 242, 96.18, 'B', '2024-05-17 07:08:42', 0),
(983, 116, 194, 140687, 4701, 77.82, 'SH', '2024-11-06 04:41:03', 0),
(984, 113, 348, 300986, 1848, 60.06, 'S', '2024-05-26 17:36:14', 0),
(985, 136, 415, 829379, 1576, 54.3, 'SS', '2024-02-12 16:00:56', 0),
(986, 172, 50, 214426, 273, 90.5, 'SS', '2025-05-10 14:44:04', 0),
(987, 105, 291, 574131, 590, 67.04, 'D', '2025-08-08 06:49:12', 0),
(988, 54, 293, 868776, 3881, 75.04, 'B', '2025-07-06 08:07:27', 0),
(989, 144, 437, 145570, 551, 71.94, 'C', '2024-07-17 10:18:12', 0),
(990, 146, 41, 134370, 4238, 64.91, 'SSH', '2024-12-09 18:49:20', 0),
(991, 14, 308, 567795, 2711, 51.13, 'A', '2025-01-01 05:57:20', 0),
(992, 65, 200, 738435, 2932, 53.4, 'S', '2025-07-05 08:33:01', 0),
(993, 20, 274, 604304, 1978, 92.66, 'A', '2025-08-21 09:28:43', 0),
(994, 15, 280, 732400, 909, 79.14, 'A', '2025-08-09 05:40:12', 0),
(995, 9, 174, 442875, 2138, 60.03, 'SS', '2024-05-13 12:29:10', 0),
(996, 141, 419, 770521, 2701, 96.21, 'SS', '2024-10-15 05:40:38', 0),
(997, 19, 413, 995047, 4620, 95.22, 'SS', '2023-12-07 23:38:15', 0),
(998, 19, 214, 628203, 661, 94.38, 'D', '2025-10-17 23:30:22', 0),
(999, 70, 371, 44768, 853, 51.78, 'SH', '2024-04-29 22:18:56', 0),
(1000, 111, 245, 319157, 1866, 51.07, 'SS', '2024-06-10 00:54:05', 0),
(1001, 51, 274, 638679, 3108, 84.1, 'SS', '2024-11-03 19:07:57', 0),
(1002, 14, 199, 803875, 3091, 84.77, 'C', '2024-03-15 19:53:21', 0),
(1003, 141, 71, 122197, 3588, 55.9, 'B', '2025-11-08 11:40:28', 0),
(1004, 88, 224, 963664, 475, 61.91, 'SSH', '2024-02-22 22:35:59', 0),
(1005, 59, 212, 784785, 4393, 78.4, 'SS', '2024-10-22 15:49:34', 0),
(1006, 64, 417, 60646, 628, 52.83, 'D', '2024-01-17 18:13:00', 0),
(1007, 12, 161, 367652, 4935, 82.76, 'SH', '2025-06-26 06:40:24', 0),
(1008, 34, 311, 418143, 3922, 82.88, 'SSH', '2025-08-15 20:17:47', 0),
(1009, 140, 106, 519970, 2925, 94.88, 'SH', '2024-11-19 20:16:02', 0),
(1010, 78, 188, 819107, 4518, 64.63, 'SH', '2023-12-11 09:31:00', 0),
(1011, 69, 164, 732666, 4436, 75.17, 'SS', '2025-03-05 17:06:45', 0),
(1012, 106, 362, 997738, 3984, 63.99, 'SH', '2024-06-27 01:50:30', 0),
(1013, 134, 119, 320751, 4530, 60.54, 'B', '2024-02-27 07:21:38', 0),
(1014, 37, 19, 247525, 3607, 82.5, 'D', '2024-08-19 04:23:51', 0),
(1015, 6, 256, 877950, 277, 63.51, 'C', '2025-02-23 04:51:17', 0),
(1016, 22, 31, 293649, 4996, 69.2, 'SS', '2024-12-13 03:00:29', 0),
(1017, 99, 228, 47573, 1839, 60.29, 'S', '2025-03-27 09:13:56', 0),
(1018, 137, 27, 693482, 2500, 51.57, 'B', '2024-06-22 22:14:44', 0),
(1019, 156, 387, 937555, 2755, 96.13, 'A', '2024-06-25 00:07:09', 0),
(1020, 152, 111, 795036, 225, 67.05, 'C', '2025-08-31 02:55:00', 0),
(1021, 187, 377, 789949, 468, 90.37, 'C', '2024-01-03 07:33:39', 0),
(1022, 174, 148, 901217, 4381, 73.18, 'A', '2024-08-17 08:08:40', 0),
(1023, 98, 240, 782853, 1952, 56.59, 'SS', '2023-12-02 13:08:22', 0),
(1024, 175, 141, 90691, 2048, 88.57, 'A', '2024-02-20 16:37:52', 0),
(1025, 102, 20, 646448, 2247, 68.08, 'A', '2024-12-08 08:56:16', 0),
(1026, 198, 312, 13938, 1019, 65.34, 'B', '2024-01-24 19:21:59', 0),
(1027, 46, 228, 486201, 142, 72, 'D', '2024-04-11 19:28:19', 0),
(1028, 92, 246, 669722, 4560, 60.89, 'SS', '2024-04-19 01:35:44', 0),
(1029, 21, 142, 941619, 5000, 77.57, 'SSH', '2024-09-14 22:13:00', 0),
(1030, 67, 393, 825952, 2263, 62.98, 'D', '2025-05-05 22:44:09', 0),
(1031, 162, 90, 155037, 407, 61.63, 'SS', '2024-02-18 06:20:13', 0),
(1032, 130, 441, 462697, 4751, 65.87, 'SH', '2024-11-15 02:45:17', 0),
(1033, 183, 133, 270950, 133, 83.92, 'B', '2025-11-06 01:39:38', 0),
(1034, 12, 308, 247097, 2865, 55.46, 'D', '2025-01-29 23:34:22', 0),
(1035, 20, 122, 214953, 2669, 78.52, 'C', '2025-03-11 05:25:40', 0),
(1036, 110, 449, 297835, 1173, 51.23, 'B', '2024-03-29 14:21:23', 0),
(1037, 105, 334, 393917, 3856, 97.12, 'A', '2025-03-24 06:23:14', 0),
(1038, 42, 189, 47777, 2383, 96.52, 'SS', '2023-12-25 04:28:16', 0),
(1039, 55, 414, 329315, 4185, 85.79, 'B', '2025-11-14 08:16:26', 0),
(1040, 97, 426, 611990, 268, 82.85, 'S', '2024-04-08 02:18:20', 0),
(1041, 167, 41, 82066, 1840, 78.27, 'C', '2024-10-03 12:57:44', 0),
(1042, 32, 434, 922152, 4324, 89.91, 'D', '2025-01-19 00:26:51', 0),
(1043, 134, 226, 333335, 2206, 59.75, 'A', '2025-04-09 11:55:50', 0),
(1044, 85, 125, 838818, 2966, 61.54, 'B', '2025-01-13 14:18:03', 0),
(1045, 30, 355, 253755, 3646, 86.64, 'C', '2025-05-13 13:38:11', 0),
(1046, 91, 287, 531205, 627, 95.73, 'D', '2025-06-24 06:51:06', 0),
(1047, 115, 403, 440196, 1883, 78.47, 'S', '2024-01-26 03:36:10', 0),
(1048, 63, 398, 954434, 3340, 83.71, 'S', '2024-12-07 14:23:24', 0),
(1049, 74, 175, 330089, 967, 54.08, 'C', '2025-04-02 14:36:52', 0),
(1050, 38, 295, 519206, 1623, 94.99, 'D', '2024-04-19 02:55:20', 1),
(1051, 31, 215, 277169, 4544, 85.57, 'D', '2025-08-06 08:36:31', 0),
(1052, 33, 446, 36730, 3535, 51.2, 'S', '2025-01-29 12:48:06', 0),
(1053, 34, 264, 909989, 4337, 95.93, 'C', '2024-05-18 15:18:56', 0),
(1054, 103, 357, 584994, 1978, 85.6, 'SSH', '2024-04-17 23:06:44', 0),
(1055, 87, 303, 639328, 883, 99.71, 'SS', '2024-06-07 21:27:47', 0),
(1056, 91, 230, 955911, 3350, 81.54, 'C', '2024-06-30 05:02:35', 0),
(1057, 123, 359, 142144, 1503, 86.19, 'SSH', '2024-05-15 00:01:47', 0),
(1058, 2, 304, 622856, 3031, 83.7, 'D', '2025-06-20 18:45:21', 0),
(1059, 113, 91, 534376, 4818, 63.96, 'SSH', '2024-12-21 13:13:33', 0),
(1060, 127, 175, 51633, 4622, 75.88, 'C', '2024-07-03 08:19:06', 0),
(1061, 99, 164, 795086, 1462, 97.68, 'SS', '2025-05-05 12:40:25', 0),
(1062, 189, 375, 221914, 3527, 75.96, 'B', '2024-12-18 02:59:20', 0),
(1063, 73, 85, 125309, 2359, 63.69, 'D', '2024-01-06 08:08:36', 0),
(1064, 44, 148, 985827, 2126, 99.44, 'SSH', '2024-05-14 16:15:57', 0),
(1065, 171, 143, 148852, 787, 60.34, 'S', '2025-07-17 04:32:16', 0),
(1066, 11, 277, 565045, 1599, 50.33, 'SS', '2024-02-01 20:03:04', 0),
(1067, 73, 293, 448220, 3645, 76.04, 'D', '2024-02-28 12:00:53', 0),
(1068, 29, 367, 741632, 983, 72.22, 'C', '2024-03-31 10:40:01', 0),
(1069, 23, 443, 144464, 2282, 86.58, 'SSH', '2024-01-04 05:56:13', 0),
(1070, 21, 382, 832856, 1823, 86.37, 'B', '2024-07-30 20:44:40', 0),
(1071, 86, 142, 476491, 4202, 83.6, 'SSH', '2024-02-17 07:14:48', 0),
(1072, 81, 20, 455429, 823, 96.62, 'B', '2024-11-11 14:43:35', 0),
(1073, 143, 339, 879323, 292, 97.46, 'SS', '2023-12-21 18:44:34', 0),
(1074, 151, 193, 915478, 1804, 83.67, 'A', '2024-10-09 23:15:09', 0),
(1075, 125, 417, 197193, 4070, 64.13, 'SH', '2025-08-30 15:43:40', 0),
(1076, 23, 265, 899794, 1755, 50.16, 'SSH', '2024-09-11 00:00:16', 0),
(1077, 157, 107, 745479, 1460, 51.94, 'A', '2024-01-12 03:57:29', 0),
(1078, 162, 299, 247117, 2857, 74.21, 'S', '2024-09-14 19:35:38', 0),
(1079, 60, 449, 307305, 3974, 74.51, 'C', '2023-12-20 13:22:26', 0),
(1080, 140, 247, 310767, 791, 60.95, 'A', '2025-04-20 22:15:49', 0),
(1081, 115, 167, 260413, 3481, 55.79, 'D', '2024-06-01 23:21:41', 0),
(1082, 170, 59, 365462, 3262, 85.24, 'D', '2025-01-10 01:54:53', 0),
(1083, 126, 308, 433016, 1924, 51.45, 'A', '2024-03-22 09:27:56', 0),
(1084, 105, 32, 590569, 2648, 63.08, 'B', '2025-05-30 08:06:46', 0),
(1085, 114, 218, 419045, 2136, 95.62, 'A', '2024-09-17 15:26:10', 0),
(1086, 57, 174, 668173, 374, 65.43, 'C', '2025-02-09 06:29:26', 0),
(1087, 43, 275, 217217, 904, 97.39, 'B', '2025-07-29 14:33:23', 0),
(1088, 139, 11, 997439, 173, 90.12, 'SSH', '2025-11-06 09:20:02', 0),
(1089, 86, 181, 805092, 4530, 53.17, 'SS', '2023-12-23 19:31:02', 0),
(1090, 93, 275, 209079, 1287, 91.91, 'C', '2024-11-22 17:16:07', 0),
(1091, 59, 149, 841208, 1323, 95.53, 'B', '2024-07-16 04:24:27', 0),
(1092, 142, 376, 261784, 112, 51.8, 'SS', '2025-10-14 03:05:54', 0),
(1093, 135, 53, 526860, 3260, 89.57, 'SS', '2025-03-20 21:38:28', 0),
(1094, 78, 13, 242177, 2026, 51.69, 'SSH', '2024-03-31 16:09:40', 0),
(1095, 97, 336, 421217, 1075, 90.91, 'A', '2025-01-11 05:12:23', 0),
(1096, 20, 38, 530016, 3403, 51.01, 'S', '2024-02-27 11:55:40', 0),
(1097, 151, 406, 411123, 1592, 91.57, 'A', '2024-11-25 17:56:41', 0),
(1098, 109, 263, 780598, 192, 65.11, 'D', '2025-09-16 05:30:08', 0),
(1099, 68, 336, 605190, 3862, 68.83, 'C', '2024-01-14 14:53:26', 0),
(1100, 105, 288, 293089, 3960, 64.22, 'SH', '2024-05-14 05:41:38', 0),
(1101, 128, 373, 413766, 3054, 88.14, 'SSH', '2024-05-25 13:35:35', 0),
(1102, 148, 13, 417650, 1902, 72.35, 'D', '2024-10-05 15:15:28', 0),
(1103, 165, 160, 349583, 1178, 90.48, 'SSH', '2025-02-19 16:46:30', 0),
(1104, 44, 107, 907837, 4013, 79.67, 'SSH', '2024-04-23 05:19:15', 0),
(1105, 158, 430, 497516, 4288, 86.15, 'SH', '2025-07-21 23:47:40', 0),
(1106, 127, 130, 432865, 2552, 87.03, 'S', '2025-07-19 22:34:35', 0),
(1107, 177, 290, 628814, 3331, 93.57, 'A', '2025-05-02 05:41:27', 0),
(1108, 194, 288, 834298, 4004, 77.28, 'B', '2025-11-01 17:47:48', 0),
(1109, 61, 165, 484783, 3957, 75.72, 'SSH', '2024-02-15 04:45:55', 0),
(1110, 109, 359, 82269, 3078, 56.36, 'SS', '2025-02-19 23:48:41', 0),
(1111, 192, 63, 175270, 1617, 71.88, 'SSH', '2024-09-28 14:44:43', 0),
(1112, 109, 254, 180015, 4298, 74.36, 'C', '2024-11-08 16:52:37', 0),
(1113, 76, 61, 457633, 2411, 86, 'A', '2025-01-10 03:14:18', 0),
(1114, 158, 191, 592198, 1360, 57.08, 'SH', '2024-05-06 14:48:48', 0),
(1115, 183, 191, 545609, 4953, 62.56, 'D', '2024-09-01 10:48:57', 0),
(1116, 85, 383, 756111, 1109, 58.21, 'D', '2024-10-22 15:56:28', 1),
(1117, 107, 92, 158652, 3855, 53.35, 'SS', '2025-01-12 02:15:09', 0),
(1118, 49, 103, 728759, 769, 76.89, 'B', '2024-12-06 14:54:16', 0),
(1119, 160, 240, 624330, 1282, 53.34, 'SH', '2025-07-16 00:15:46', 0),
(1120, 4, 99, 288918, 2329, 91.04, 'C', '2025-02-19 00:01:36', 0),
(1121, 79, 189, 655836, 3304, 96.72, 'SH', '2024-04-16 19:09:33', 0),
(1122, 40, 53, 767150, 1774, 64, 'A', '2024-04-07 13:11:01', 0),
(1123, 33, 409, 548689, 4812, 82.24, 'C', '2024-06-17 08:36:48', 0),
(1124, 198, 437, 621935, 4955, 63.86, 'D', '2025-08-28 10:04:09', 0),
(1125, 1, 402, 244092, 1774, 54.57, 'S', '2025-05-14 19:13:01', 0),
(1126, 122, 448, 1258, 2649, 53.89, 'SS', '2025-11-06 13:49:15', 0),
(1127, 113, 218, 698137, 3865, 66.35, 'SSH', '2025-01-16 19:59:16', 0),
(1128, 101, 194, 812513, 3159, 85.31, 'B', '2024-02-10 18:03:46', 0),
(1129, 134, 163, 557464, 641, 94.16, 'SH', '2024-06-15 13:15:51', 0),
(1130, 163, 427, 292228, 1171, 91.99, 'D', '2025-08-30 09:01:56', 0),
(1131, 65, 351, 127080, 4571, 94.99, 'B', '2024-03-29 08:16:11', 0),
(1132, 94, 438, 489715, 2835, 86.42, 'SH', '2024-08-03 22:58:14', 0),
(1133, 49, 196, 393383, 1467, 96.66, 'SS', '2024-06-01 06:22:26', 0),
(1134, 93, 270, 205355, 46, 79.31, 'B', '2025-10-20 20:09:53', 0),
(1135, 95, 130, 528217, 107, 80.34, 'SS', '2024-12-18 23:14:09', 0),
(1136, 165, 246, 418641, 360, 99.79, 'A', '2025-02-28 06:41:06', 0),
(1137, 15, 293, 864319, 250, 93.16, 'D', '2025-09-11 06:00:29', 0),
(1138, 162, 233, 515117, 1424, 73.67, 'SSH', '2025-02-06 15:17:58', 0),
(1139, 8, 314, 938704, 1255, 85.28, 'S', '2025-11-16 10:56:53', 0),
(1140, 34, 43, 440953, 979, 52.8, 'SS', '2024-09-27 01:56:26', 0),
(1141, 140, 143, 894990, 1591, 82.76, 'SS', '2023-12-13 07:51:30', 0),
(1142, 173, 435, 944368, 2593, 94.89, 'S', '2024-01-04 08:20:51', 0),
(1143, 151, 370, 991171, 3001, 75.82, 'C', '2025-08-26 09:55:35', 0),
(1144, 171, 343, 65470, 533, 59.65, 'S', '2025-10-06 15:46:14', 0),
(1145, 22, 89, 465937, 365, 63.78, 'SH', '2024-03-17 21:57:00', 0),
(1146, 105, 89, 667160, 27, 65.56, 'B', '2025-08-02 19:58:13', 0),
(1147, 120, 291, 877720, 706, 78.31, 'D', '2025-09-01 22:30:50', 0),
(1148, 24, 94, 765989, 708, 59.28, 'SS', '2025-01-12 02:35:13', 0),
(1149, 3, 112, 669934, 3069, 73.02, 'SH', '2025-07-24 09:16:43', 0),
(1150, 175, 329, 989447, 1566, 87.37, 'S', '2024-03-29 12:46:58', 0),
(1151, 98, 362, 302021, 1459, 63.95, 'B', '2025-08-28 14:14:11', 0),
(1152, 49, 140, 927488, 1633, 58.86, 'A', '2024-01-19 12:40:51', 0),
(1153, 113, 136, 97901, 4014, 67.76, 'B', '2024-10-10 07:53:32', 0),
(1154, 165, 268, 472516, 1397, 51.84, 'C', '2025-04-17 11:26:45', 0),
(1155, 146, 108, 737296, 3555, 67.35, 'A', '2025-01-30 01:11:42', 0),
(1156, 180, 258, 579406, 2204, 54.54, 'SH', '2025-07-23 08:11:23', 0),
(1157, 120, 134, 33975, 945, 75.85, 'S', '2025-04-28 11:29:39', 0),
(1158, 120, 301, 339680, 3050, 78.19, 'SS', '2024-03-04 10:44:41', 0),
(1159, 27, 323, 377317, 65, 57.94, 'D', '2023-12-26 14:19:53', 0),
(1160, 166, 52, 197200, 2933, 65.31, 'D', '2025-05-05 20:03:46', 0),
(1161, 193, 12, 461333, 3740, 79.68, 'C', '2025-05-14 20:05:28', 0),
(1162, 122, 428, 256421, 2070, 86.17, 'B', '2024-03-29 09:57:16', 0),
(1163, 103, 154, 43078, 1920, 88.16, 'SSH', '2025-10-11 05:47:12', 0),
(1164, 199, 138, 606540, 3283, 79.65, 'S', '2024-06-13 14:24:02', 0),
(1165, 77, 306, 732519, 4294, 59.92, 'S', '2025-10-07 20:54:43', 0),
(1166, 86, 404, 57413, 741, 65.46, 'S', '2024-12-30 15:12:44', 0),
(1167, 118, 203, 174373, 3774, 50.04, 'S', '2025-01-29 09:23:29', 0),
(1168, 45, 155, 323465, 659, 59.23, 'SH', '2024-03-16 02:34:18', 0),
(1169, 186, 126, 162625, 4550, 92.28, 'B', '2024-04-09 03:04:29', 1),
(1170, 41, 177, 105766, 3857, 77.49, 'C', '2025-03-24 20:27:14', 0),
(1171, 121, 343, 395570, 3797, 85.31, 'SSH', '2025-06-16 06:55:38', 0),
(1172, 82, 391, 981693, 1094, 69.99, 'B', '2025-06-15 11:20:47', 0),
(1173, 173, 374, 916075, 3479, 79.85, 'SSH', '2025-07-29 03:12:20', 0),
(1174, 172, 380, 615915, 221, 61.08, 'S', '2024-07-23 06:59:49', 0),
(1175, 95, 186, 357359, 4108, 91.16, 'C', '2025-01-01 02:27:07', 0),
(1176, 166, 118, 145787, 4096, 59.4, 'SH', '2025-05-10 20:46:50', 0),
(1177, 24, 174, 403722, 1474, 71.29, 'A', '2024-05-05 22:40:43', 0),
(1178, 173, 421, 505000, 286, 63.05, 'C', '2024-11-08 22:26:47', 0),
(1179, 102, 350, 543479, 872, 73.25, 'SSH', '2024-08-06 01:34:22', 0),
(1180, 188, 52, 688728, 3314, 90.18, 'SS', '2023-12-04 01:51:09', 0),
(1181, 33, 295, 532597, 3146, 84.31, 'SS', '2025-09-09 02:56:06', 0),
(1182, 172, 206, 443978, 447, 65.15, 'A', '2024-02-12 15:47:22', 0),
(1183, 30, 310, 847331, 3689, 75.1, 'D', '2024-02-06 21:47:37', 0),
(1184, 137, 187, 118096, 1466, 99.04, 'C', '2023-12-31 05:05:14', 0),
(1185, 21, 77, 8294, 2762, 97.41, 'A', '2024-06-01 22:40:24', 0),
(1186, 158, 373, 915573, 3728, 71.74, 'D', '2024-09-19 10:29:24', 0),
(1187, 32, 445, 514405, 3771, 68.36, 'B', '2025-07-25 23:22:36', 0),
(1188, 87, 346, 311529, 193, 77.14, 'S', '2024-08-01 05:36:08', 0),
(1189, 107, 9, 469472, 2660, 64.88, 'SS', '2024-04-19 16:08:06', 0),
(1190, 92, 375, 39390, 4353, 86.93, 'SH', '2025-05-15 03:39:22', 0),
(1191, 137, 49, 133177, 1185, 81.65, 'C', '2025-09-18 06:13:44', 0),
(1192, 89, 235, 723460, 2000, 95.94, 'D', '2025-01-16 02:44:05', 0),
(1193, 84, 191, 41147, 1203, 80.47, 'SSH', '2024-05-19 05:54:05', 0),
(1194, 186, 41, 355180, 2474, 71.13, 'SS', '2024-07-08 13:42:42', 0),
(1195, 192, 132, 757646, 650, 91.84, 'C', '2025-03-08 14:33:47', 0),
(1196, 50, 293, 274652, 2484, 80.78, 'SH', '2025-04-01 10:27:38', 0),
(1197, 13, 192, 602186, 3875, 60.76, 'C', '2023-12-11 04:54:39', 0),
(1198, 177, 399, 195734, 2268, 75.08, 'SS', '2024-04-16 21:51:34', 0),
(1199, 47, 348, 299752, 2234, 50.25, 'SH', '2024-05-15 18:46:16', 1),
(1200, 107, 337, 137070, 2251, 63.35, 'B', '2025-02-05 10:24:51', 0);

--
-- Indexy pro exportované tabulky
--

--
-- Indexy pro tabulku `beatmaps`
--
ALTER TABLE `beatmaps`
  ADD PRIMARY KEY (`id_beatmap`),
  ADD KEY `idx_version` (`difficulty_name`),
  ADD KEY `idx_difficulty_rating` (`difficulty_rating`),
  ADD KEY `idx_total_length` (`total_length`),
  ADD KEY `idx_bpm` (`bpm`),
  ADD KEY `idx_max_combo` (`max_combo`),
  ADD KEY `idx_approach_rate` (`approach_rate`),
  ADD KEY `idx_overall_difficulty` (`overall_difficulty`),
  ADD KEY `idx_circle_size` (`circle_size`),
  ADD KEY `idx_health_points` (`health_points`),
  ADD KEY `id_set` (`id_set`),
  ADD KEY `id_mode` (`id_mode`);

--
-- Indexy pro tabulku `beatmapsets`
--
ALTER TABLE `beatmapsets`
  ADD PRIMARY KEY (`id_set`),
  ADD KEY `idx_title` (`title`),
  ADD KEY `idx_artist` (`artist`),
  ADD KEY `idx_creator` (`creator`),
  ADD KEY `idx_tags` (`tags`),
  ADD KEY `idx_status` (`status`);

--
-- Indexy pro tabulku `countries`
--
ALTER TABLE `countries`
  ADD PRIMARY KEY (`code`);

--
-- Indexy pro tabulku `gamemodes`
--
ALTER TABLE `gamemodes`
  ADD PRIMARY KEY (`id_mode`);

--
-- Indexy pro tabulku `medals`
--
ALTER TABLE `medals`
  ADD PRIMARY KEY (`id_medal`),
  ADD KEY `idx_medal_name` (`name`);

--
-- Indexy pro tabulku `mods`
--
ALTER TABLE `mods`
  ADD PRIMARY KEY (`id_mod`);

--
-- Indexy pro tabulku `playermedals`
--
ALTER TABLE `playermedals`
  ADD PRIMARY KEY (`id_player`,`id_medal`),
  ADD KEY `idx_achieved_date` (`achieved_date`),
  ADD KEY `id_medal` (`id_medal`);

--
-- Indexy pro tabulku `players`
--
ALTER TABLE `players`
  ADD PRIMARY KEY (`id_player`),
  ADD UNIQUE KEY `idx_username` (`username`),
  ADD UNIQUE KEY `idx_email` (`email`),
  ADD KEY `idx_country_code` (`country_code`),
  ADD KEY `idx_join_date` (`join_date`);

--
-- Indexy pro tabulku `playerstats`
--
ALTER TABLE `playerstats`
  ADD PRIMARY KEY (`id_player`,`id_mode`),
  ADD KEY `idx_global_rank` (`global_rank`),
  ADD KEY `idx_local_rank` (`local_rank`),
  ADD KEY `idx_pp_total` (`pp_total`),
  ADD KEY `idx_playcount` (`playcount`),
  ADD KEY `idx_overall_accuracy` (`overall_accuracy`),
  ADD KEY `id_mode` (`id_mode`);

--
-- Indexy pro tabulku `playmods`
--
ALTER TABLE `playmods`
  ADD PRIMARY KEY (`id_play`,`id_mod`),
  ADD KEY `id_mod` (`id_mod`);

--
-- Indexy pro tabulku `plays`
--
ALTER TABLE `plays`
  ADD PRIMARY KEY (`id_play`),
  ADD KEY `idx_score` (`score`),
  ADD KEY `idx_max_combo` (`max_combo`),
  ADD KEY `idx_accuracy` (`accuracy`),
  ADD KEY `idx_rank` (`rank`),
  ADD KEY `idx_date_played` (`date_played`),
  ADD KEY `idx_perfect` (`perfect`),
  ADD KEY `id_player` (`id_player`),
  ADD KEY `id_beatmap` (`id_beatmap`);

--
-- Omezení pro exportované tabulky
--

--
-- Omezení pro tabulku `beatmaps`
--
ALTER TABLE `beatmaps`
  ADD CONSTRAINT `beatmaps_ibfk_1` FOREIGN KEY (`id_set`) REFERENCES `beatmapsets` (`id_set`),
  ADD CONSTRAINT `beatmaps_ibfk_2` FOREIGN KEY (`id_mode`) REFERENCES `gamemodes` (`id_mode`);

--
-- Omezení pro tabulku `playermedals`
--
ALTER TABLE `playermedals`
  ADD CONSTRAINT `playermedals_ibfk_1` FOREIGN KEY (`id_player`) REFERENCES `players` (`id_player`),
  ADD CONSTRAINT `playermedals_ibfk_2` FOREIGN KEY (`id_medal`) REFERENCES `medals` (`id_medal`);

--
-- Omezení pro tabulku `players`
--
ALTER TABLE `players`
  ADD CONSTRAINT `players_ibfk_1` FOREIGN KEY (`country_code`) REFERENCES `countries` (`code`);

--
-- Omezení pro tabulku `playerstats`
--
ALTER TABLE `playerstats`
  ADD CONSTRAINT `playerstats_ibfk_1` FOREIGN KEY (`id_player`) REFERENCES `players` (`id_player`),
  ADD CONSTRAINT `playerstats_ibfk_2` FOREIGN KEY (`id_mode`) REFERENCES `gamemodes` (`id_mode`);

--
-- Omezení pro tabulku `playmods`
--
ALTER TABLE `playmods`
  ADD CONSTRAINT `playmods_ibfk_1` FOREIGN KEY (`id_play`) REFERENCES `plays` (`id_play`),
  ADD CONSTRAINT `playmods_ibfk_2` FOREIGN KEY (`id_mod`) REFERENCES `mods` (`id_mod`);

--
-- Omezení pro tabulku `plays`
--
ALTER TABLE `plays`
  ADD CONSTRAINT `plays_ibfk_1` FOREIGN KEY (`id_player`) REFERENCES `players` (`id_player`),
  ADD CONSTRAINT `plays_ibfk_2` FOREIGN KEY (`id_beatmap`) REFERENCES `beatmaps` (`id_beatmap`);
COMMIT;

/*!40101 SET CHARACTER_SET_CLIENT=@OLD_CHARACTER_SET_CLIENT */;
/*!40101 SET CHARACTER_SET_RESULTS=@OLD_CHARACTER_SET_RESULTS */;
/*!40101 SET COLLATION_CONNECTION=@OLD_COLLATION_CONNECTION */;
